:0200000460009A
:100000004643464200000156000000000101020084
:1000100000000000000000000000000000000000E0
:1000200000000000000000000000000000000000D0
:1000300000000000000000000000000000000000C0
:1000400000000000010406010000000000000000A4
:100050000000800000000000000000000000000020
:100060000000000000000000000000000000000090
:100070000000000000000000000000000000000080
:10008000EB04180AFF1E04320126000000000000E5
:100090000000000000000000000000000000000060
:1000A0000000000000000000000000000000000050
:1000B0000000000000000000000000000000000040
:1000C0000000000000000000000000000000000030
:1000D0000000000000000000000000000000000020
:1000E0000000000000000000000000000000000010
:1000F0000000000000000000000000000000000000
:1001000000000000000000000000000000000000EF
:1001100000000000000000000000000000000000DF
:1001200000000000000000000000000000000000CF
:1001300000000000000000000000000000000000BF
:1001400000000000000000000000000000000000AF
:10015000000000000000000000000000000000009F
:10016000000000000000000000000000000000008F
:10017000000000000000000000000000000000007F
:10018000000000000000000000000000000000006F
:10019000000000000000000000000000000000005F
:1001A000000000000000000000000000000000004F
:1001B000000000000000000000000000000000003F
:1001C000000100000010000001000000000000001D
:1001D000000001000000000000000000000000001E
:1001E000000000000000000000000000000000000F
:1001F00000000000000000000000000000000000FF
:10020000FFFFFFFFFFFFFFFFFFFFFFFFFFFFFFFFFE
:10021000FFFFFFFFFFFFFFFFFFFFFFFFFFFFFFFFEE
:10022000FFFFFFFFFFFFFFFFFFFFFFFFFFFFFFFFDE
:10023000FFFFFFFFFFFFFFFFFFFFFFFFFFFFFFFFCE
:10024000FFFFFFFFFFFFFFFFFFFFFFFFFFFFFFFFBE
:10025000FFFFFFFFFFFFFFFFFFFFFFFFFFFFFFFFAE
:10026000FFFFFFFFFFFFFFFFFFFFFFFFFFFFFFFF9E
:10027000FFFFFFFFFFFFFFFFFFFFFFFFFFFFFFFF8E
:10028000FFFFFFFFFFFFFFFFFFFFFFFFFFFFFFFF7E
:10029000FFFFFFFFFFFFFFFFFFFFFFFFFFFFFFFF6E
:1002A000FFFFFFFFFFFFFFFFFFFFFFFFFFFFFFFF5E
:1002B000FFFFFFFFFFFFFFFFFFFFFFFFFFFFFFFF4E
:1002C000FFFFFFFFFFFFFFFFFFFFFFFFFFFFFFFF3E
:1002D000FFFFFFFFFFFFFFFFFFFFFFFFFFFFFFFF2E
:1002E000FFFFFFFFFFFFFFFFFFFFFFFFFFFFFFFF1E
:1002F000FFFFFFFFFFFFFFFFFFFFFFFFFFFFFFFF0E
:10030000FFFFFFFFFFFFFFFFFFFFFFFFFFFFFFFFFD
:10031000FFFFFFFFFFFFFFFFFFFFFFFFFFFFFFFFED
:10032000FFFFFFFFFFFFFFFFFFFFFFFFFFFFFFFFDD
:10033000FFFFFFFFFFFFFFFFFFFFFFFFFFFFFFFFCD
:10034000FFFFFFFFFFFFFFFFFFFFFFFFFFFFFFFFBD
:10035000FFFFFFFFFFFFFFFFFFFFFFFFFFFFFFFFAD
:10036000FFFFFFFFFFFFFFFFFFFFFFFFFFFFFFFF9D
:10037000FFFFFFFFFFFFFFFFFFFFFFFFFFFFFFFF8D
:10038000FFFFFFFFFFFFFFFFFFFFFFFFFFFFFFFF7D
:10039000FFFFFFFFFFFFFFFFFFFFFFFFFFFFFFFF6D
:1003A000FFFFFFFFFFFFFFFFFFFFFFFFFFFFFFFF5D
:1003B000FFFFFFFFFFFFFFFFFFFFFFFFFFFFFFFF4D
:1003C000FFFFFFFFFFFFFFFFFFFFFFFFFFFFFFFF3D
:1003D000FFFFFFFFFFFFFFFFFFFFFFFFFFFFFFFF2D
:1003E000FFFFFFFFFFFFFFFFFFFFFFFFFFFFFFFF1D
:1003F000FFFFFFFFFFFFFFFFFFFFFFFFFFFFFFFF0D
:10040000FFFFFFFFFFFFFFFFFFFFFFFFFFFFFFFFFC
:10041000FFFFFFFFFFFFFFFFFFFFFFFFFFFFFFFFEC
:10042000FFFFFFFFFFFFFFFFFFFFFFFFFFFFFFFFDC
:10043000FFFFFFFFFFFFFFFFFFFFFFFFFFFFFFFFCC
:10044000FFFFFFFFFFFFFFFFFFFFFFFFFFFFFFFFBC
:10045000FFFFFFFFFFFFFFFFFFFFFFFFFFFFFFFFAC
:10046000FFFFFFFFFFFFFFFFFFFFFFFFFFFFFFFF9C
:10047000FFFFFFFFFFFFFFFFFFFFFFFFFFFFFFFF8C
:10048000FFFFFFFFFFFFFFFFFFFFFFFFFFFFFFFF7C
:10049000FFFFFFFFFFFFFFFFFFFFFFFFFFFFFFFF6C
:1004A000FFFFFFFFFFFFFFFFFFFFFFFFFFFFFFFF5C
:1004B000FFFFFFFFFFFFFFFFFFFFFFFFFFFFFFFF4C
:1004C000FFFFFFFFFFFFFFFFFFFFFFFFFFFFFFFF3C
:1004D000FFFFFFFFFFFFFFFFFFFFFFFFFFFFFFFF2C
:1004E000FFFFFFFFFFFFFFFFFFFFFFFFFFFFFFFF1C
:1004F000FFFFFFFFFFFFFFFFFFFFFFFFFFFFFFFF0C
:10050000FFFFFFFFFFFFFFFFFFFFFFFFFFFFFFFFFB
:10051000FFFFFFFFFFFFFFFFFFFFFFFFFFFFFFFFEB
:10052000FFFFFFFFFFFFFFFFFFFFFFFFFFFFFFFFDB
:10053000FFFFFFFFFFFFFFFFFFFFFFFFFFFFFFFFCB
:10054000FFFFFFFFFFFFFFFFFFFFFFFFFFFFFFFFBB
:10055000FFFFFFFFFFFFFFFFFFFFFFFFFFFFFFFFAB
:10056000FFFFFFFFFFFFFFFFFFFFFFFFFFFFFFFF9B
:10057000FFFFFFFFFFFFFFFFFFFFFFFFFFFFFFFF8B
:10058000FFFFFFFFFFFFFFFFFFFFFFFFFFFFFFFF7B
:10059000FFFFFFFFFFFFFFFFFFFFFFFFFFFFFFFF6B
:1005A000FFFFFFFFFFFFFFFFFFFFFFFFFFFFFFFF5B
:1005B000FFFFFFFFFFFFFFFFFFFFFFFFFFFFFFFF4B
:1005C000FFFFFFFFFFFFFFFFFFFFFFFFFFFFFFFF3B
:1005D000FFFFFFFFFFFFFFFFFFFFFFFFFFFFFFFF2B
:1005E000FFFFFFFFFFFFFFFFFFFFFFFFFFFFFFFF1B
:1005F000FFFFFFFFFFFFFFFFFFFFFFFFFFFFFFFF0B
:10060000FFFFFFFFFFFFFFFFFFFFFFFFFFFFFFFFFA
:10061000FFFFFFFFFFFFFFFFFFFFFFFFFFFFFFFFEA
:10062000FFFFFFFFFFFFFFFFFFFFFFFFFFFFFFFFDA
:10063000FFFFFFFFFFFFFFFFFFFFFFFFFFFFFFFFCA
:10064000FFFFFFFFFFFFFFFFFFFFFFFFFFFFFFFFBA
:10065000FFFFFFFFFFFFFFFFFFFFFFFFFFFFFFFFAA
:10066000FFFFFFFFFFFFFFFFFFFFFFFFFFFFFFFF9A
:10067000FFFFFFFFFFFFFFFFFFFFFFFFFFFFFFFF8A
:10068000FFFFFFFFFFFFFFFFFFFFFFFFFFFFFFFF7A
:10069000FFFFFFFFFFFFFFFFFFFFFFFFFFFFFFFF6A
:1006A000FFFFFFFFFFFFFFFFFFFFFFFFFFFFFFFF5A
:1006B000FFFFFFFFFFFFFFFFFFFFFFFFFFFFFFFF4A
:1006C000FFFFFFFFFFFFFFFFFFFFFFFFFFFFFFFF3A
:1006D000FFFFFFFFFFFFFFFFFFFFFFFFFFFFFFFF2A
:1006E000FFFFFFFFFFFFFFFFFFFFFFFFFFFFFFFF1A
:1006F000FFFFFFFFFFFFFFFFFFFFFFFFFFFFFFFF0A
:10070000FFFFFFFFFFFFFFFFFFFFFFFFFFFFFFFFF9
:10071000FFFFFFFFFFFFFFFFFFFFFFFFFFFFFFFFE9
:10072000FFFFFFFFFFFFFFFFFFFFFFFFFFFFFFFFD9
:10073000FFFFFFFFFFFFFFFFFFFFFFFFFFFFFFFFC9
:10074000FFFFFFFFFFFFFFFFFFFFFFFFFFFFFFFFB9
:10075000FFFFFFFFFFFFFFFFFFFFFFFFFFFFFFFFA9
:10076000FFFFFFFFFFFFFFFFFFFFFFFFFFFFFFFF99
:10077000FFFFFFFFFFFFFFFFFFFFFFFFFFFFFFFF89
:10078000FFFFFFFFFFFFFFFFFFFFFFFFFFFFFFFF79
:10079000FFFFFFFFFFFFFFFFFFFFFFFFFFFFFFFF69
:1007A000FFFFFFFFFFFFFFFFFFFFFFFFFFFFFFFF59
:1007B000FFFFFFFFFFFFFFFFFFFFFFFFFFFFFFFF49
:1007C000FFFFFFFFFFFFFFFFFFFFFFFFFFFFFFFF39
:1007D000FFFFFFFFFFFFFFFFFFFFFFFFFFFFFFFF29
:1007E000FFFFFFFFFFFFFFFFFFFFFFFFFFFFFFFF19
:1007F000FFFFFFFFFFFFFFFFFFFFFFFFFFFFFFFF09
:10080000FFFFFFFFFFFFFFFFFFFFFFFFFFFFFFFFF8
:10081000FFFFFFFFFFFFFFFFFFFFFFFFFFFFFFFFE8
:10082000FFFFFFFFFFFFFFFFFFFFFFFFFFFFFFFFD8
:10083000FFFFFFFFFFFFFFFFFFFFFFFFFFFFFFFFC8
:10084000FFFFFFFFFFFFFFFFFFFFFFFFFFFFFFFFB8
:10085000FFFFFFFFFFFFFFFFFFFFFFFFFFFFFFFFA8
:10086000FFFFFFFFFFFFFFFFFFFFFFFFFFFFFFFF98
:10087000FFFFFFFFFFFFFFFFFFFFFFFFFFFFFFFF88
:10088000FFFFFFFFFFFFFFFFFFFFFFFFFFFFFFFF78
:10089000FFFFFFFFFFFFFFFFFFFFFFFFFFFFFFFF68
:1008A000FFFFFFFFFFFFFFFFFFFFFFFFFFFFFFFF58
:1008B000FFFFFFFFFFFFFFFFFFFFFFFFFFFFFFFF48
:1008C000FFFFFFFFFFFFFFFFFFFFFFFFFFFFFFFF38
:1008D000FFFFFFFFFFFFFFFFFFFFFFFFFFFFFFFF28
:1008E000FFFFFFFFFFFFFFFFFFFFFFFFFFFFFFFF18
:1008F000FFFFFFFFFFFFFFFFFFFFFFFFFFFFFFFF08
:10090000FFFFFFFFFFFFFFFFFFFFFFFFFFFFFFFFF7
:10091000FFFFFFFFFFFFFFFFFFFFFFFFFFFFFFFFE7
:10092000FFFFFFFFFFFFFFFFFFFFFFFFFFFFFFFFD7
:10093000FFFFFFFFFFFFFFFFFFFFFFFFFFFFFFFFC7
:10094000FFFFFFFFFFFFFFFFFFFFFFFFFFFFFFFFB7
:10095000FFFFFFFFFFFFFFFFFFFFFFFFFFFFFFFFA7
:10096000FFFFFFFFFFFFFFFFFFFFFFFFFFFFFFFF97
:10097000FFFFFFFFFFFFFFFFFFFFFFFFFFFFFFFF87
:10098000FFFFFFFFFFFFFFFFFFFFFFFFFFFFFFFF77
:10099000FFFFFFFFFFFFFFFFFFFFFFFFFFFFFFFF67
:1009A000FFFFFFFFFFFFFFFFFFFFFFFFFFFFFFFF57
:1009B000FFFFFFFFFFFFFFFFFFFFFFFFFFFFFFFF47
:1009C000FFFFFFFFFFFFFFFFFFFFFFFFFFFFFFFF37
:1009D000FFFFFFFFFFFFFFFFFFFFFFFFFFFFFFFF27
:1009E000FFFFFFFFFFFFFFFFFFFFFFFFFFFFFFFF17
:1009F000FFFFFFFFFFFFFFFFFFFFFFFFFFFFFFFF07
:100A0000FFFFFFFFFFFFFFFFFFFFFFFFFFFFFFFFF6
:100A1000FFFFFFFFFFFFFFFFFFFFFFFFFFFFFFFFE6
:100A2000FFFFFFFFFFFFFFFFFFFFFFFFFFFFFFFFD6
:100A3000FFFFFFFFFFFFFFFFFFFFFFFFFFFFFFFFC6
:100A4000FFFFFFFFFFFFFFFFFFFFFFFFFFFFFFFFB6
:100A5000FFFFFFFFFFFFFFFFFFFFFFFFFFFFFFFFA6
:100A6000FFFFFFFFFFFFFFFFFFFFFFFFFFFFFFFF96
:100A7000FFFFFFFFFFFFFFFFFFFFFFFFFFFFFFFF86
:100A8000FFFFFFFFFFFFFFFFFFFFFFFFFFFFFFFF76
:100A9000FFFFFFFFFFFFFFFFFFFFFFFFFFFFFFFF66
:100AA000FFFFFFFFFFFFFFFFFFFFFFFFFFFFFFFF56
:100AB000FFFFFFFFFFFFFFFFFFFFFFFFFFFFFFFF46
:100AC000FFFFFFFFFFFFFFFFFFFFFFFFFFFFFFFF36
:100AD000FFFFFFFFFFFFFFFFFFFFFFFFFFFFFFFF26
:100AE000FFFFFFFFFFFFFFFFFFFFFFFFFFFFFFFF16
:100AF000FFFFFFFFFFFFFFFFFFFFFFFFFFFFFFFF06
:100B0000FFFFFFFFFFFFFFFFFFFFFFFFFFFFFFFFF5
:100B1000FFFFFFFFFFFFFFFFFFFFFFFFFFFFFFFFE5
:100B2000FFFFFFFFFFFFFFFFFFFFFFFFFFFFFFFFD5
:100B3000FFFFFFFFFFFFFFFFFFFFFFFFFFFFFFFFC5
:100B4000FFFFFFFFFFFFFFFFFFFFFFFFFFFFFFFFB5
:100B5000FFFFFFFFFFFFFFFFFFFFFFFFFFFFFFFFA5
:100B6000FFFFFFFFFFFFFFFFFFFFFFFFFFFFFFFF95
:100B7000FFFFFFFFFFFFFFFFFFFFFFFFFFFFFFFF85
:100B8000FFFFFFFFFFFFFFFFFFFFFFFFFFFFFFFF75
:100B9000FFFFFFFFFFFFFFFFFFFFFFFFFFFFFFFF65
:100BA000FFFFFFFFFFFFFFFFFFFFFFFFFFFFFFFF55
:100BB000FFFFFFFFFFFFFFFFFFFFFFFFFFFFFFFF45
:100BC000FFFFFFFFFFFFFFFFFFFFFFFFFFFFFFFF35
:100BD000FFFFFFFFFFFFFFFFFFFFFFFFFFFFFFFF25
:100BE000FFFFFFFFFFFFFFFFFFFFFFFFFFFFFFFF15
:100BF000FFFFFFFFFFFFFFFFFFFFFFFFFFFFFFFF05
:100C0000FFFFFFFFFFFFFFFFFFFFFFFFFFFFFFFFF4
:100C1000FFFFFFFFFFFFFFFFFFFFFFFFFFFFFFFFE4
:100C2000FFFFFFFFFFFFFFFFFFFFFFFFFFFFFFFFD4
:100C3000FFFFFFFFFFFFFFFFFFFFFFFFFFFFFFFFC4
:100C4000FFFFFFFFFFFFFFFFFFFFFFFFFFFFFFFFB4
:100C5000FFFFFFFFFFFFFFFFFFFFFFFFFFFFFFFFA4
:100C6000FFFFFFFFFFFFFFFFFFFFFFFFFFFFFFFF94
:100C7000FFFFFFFFFFFFFFFFFFFFFFFFFFFFFFFF84
:100C8000FFFFFFFFFFFFFFFFFFFFFFFFFFFFFFFF74
:100C9000FFFFFFFFFFFFFFFFFFFFFFFFFFFFFFFF64
:100CA000FFFFFFFFFFFFFFFFFFFFFFFFFFFFFFFF54
:100CB000FFFFFFFFFFFFFFFFFFFFFFFFFFFFFFFF44
:100CC000FFFFFFFFFFFFFFFFFFFFFFFFFFFFFFFF34
:100CD000FFFFFFFFFFFFFFFFFFFFFFFFFFFFFFFF24
:100CE000FFFFFFFFFFFFFFFFFFFFFFFFFFFFFFFF14
:100CF000FFFFFFFFFFFFFFFFFFFFFFFFFFFFFFFF04
:100D0000FFFFFFFFFFFFFFFFFFFFFFFFFFFFFFFFF3
:100D1000FFFFFFFFFFFFFFFFFFFFFFFFFFFFFFFFE3
:100D2000FFFFFFFFFFFFFFFFFFFFFFFFFFFFFFFFD3
:100D3000FFFFFFFFFFFFFFFFFFFFFFFFFFFFFFFFC3
:100D4000FFFFFFFFFFFFFFFFFFFFFFFFFFFFFFFFB3
:100D5000FFFFFFFFFFFFFFFFFFFFFFFFFFFFFFFFA3
:100D6000FFFFFFFFFFFFFFFFFFFFFFFFFFFFFFFF93
:100D7000FFFFFFFFFFFFFFFFFFFFFFFFFFFFFFFF83
:100D8000FFFFFFFFFFFFFFFFFFFFFFFFFFFFFFFF73
:100D9000FFFFFFFFFFFFFFFFFFFFFFFFFFFFFFFF63
:100DA000FFFFFFFFFFFFFFFFFFFFFFFFFFFFFFFF53
:100DB000FFFFFFFFFFFFFFFFFFFFFFFFFFFFFFFF43
:100DC000FFFFFFFFFFFFFFFFFFFFFFFFFFFFFFFF33
:100DD000FFFFFFFFFFFFFFFFFFFFFFFFFFFFFFFF23
:100DE000FFFFFFFFFFFFFFFFFFFFFFFFFFFFFFFF13
:100DF000FFFFFFFFFFFFFFFFFFFFFFFFFFFFFFFF03
:100E0000FFFFFFFFFFFFFFFFFFFFFFFFFFFFFFFFF2
:100E1000FFFFFFFFFFFFFFFFFFFFFFFFFFFFFFFFE2
:100E2000FFFFFFFFFFFFFFFFFFFFFFFFFFFFFFFFD2
:100E3000FFFFFFFFFFFFFFFFFFFFFFFFFFFFFFFFC2
:100E4000FFFFFFFFFFFFFFFFFFFFFFFFFFFFFFFFB2
:100E5000FFFFFFFFFFFFFFFFFFFFFFFFFFFFFFFFA2
:100E6000FFFFFFFFFFFFFFFFFFFFFFFFFFFFFFFF92
:100E7000FFFFFFFFFFFFFFFFFFFFFFFFFFFFFFFF82
:100E8000FFFFFFFFFFFFFFFFFFFFFFFFFFFFFFFF72
:100E9000FFFFFFFFFFFFFFFFFFFFFFFFFFFFFFFF62
:100EA000FFFFFFFFFFFFFFFFFFFFFFFFFFFFFFFF52
:100EB000FFFFFFFFFFFFFFFFFFFFFFFFFFFFFFFF42
:100EC000FFFFFFFFFFFFFFFFFFFFFFFFFFFFFFFF32
:100ED000FFFFFFFFFFFFFFFFFFFFFFFFFFFFFFFF22
:100EE000FFFFFFFFFFFFFFFFFFFFFFFFFFFFFFFF12
:100EF000FFFFFFFFFFFFFFFFFFFFFFFFFFFFFFFF02
:100F0000FFFFFFFFFFFFFFFFFFFFFFFFFFFFFFFFF1
:100F1000FFFFFFFFFFFFFFFFFFFFFFFFFFFFFFFFE1
:100F2000FFFFFFFFFFFFFFFFFFFFFFFFFFFFFFFFD1
:100F3000FFFFFFFFFFFFFFFFFFFFFFFFFFFFFFFFC1
:100F4000FFFFFFFFFFFFFFFFFFFFFFFFFFFFFFFFB1
:100F5000FFFFFFFFFFFFFFFFFFFFFFFFFFFFFFFFA1
:100F6000FFFFFFFFFFFFFFFFFFFFFFFFFFFFFFFF91
:100F7000FFFFFFFFFFFFFFFFFFFFFFFFFFFFFFFF81
:100F8000FFFFFFFFFFFFFFFFFFFFFFFFFFFFFFFF71
:100F9000FFFFFFFFFFFFFFFFFFFFFFFFFFFFFFFF61
:100FA000FFFFFFFFFFFFFFFFFFFFFFFFFFFFFFFF51
:100FB000FFFFFFFFFFFFFFFFFFFFFFFFFFFFFFFF41
:100FC000FFFFFFFFFFFFFFFFFFFFFFFFFFFFFFFF31
:100FD000FFFFFFFFFFFFFFFFFFFFFFFFFFFFFFFF21
:100FE000FFFFFFFFFFFFFFFFFFFFFFFFFFFFFFFF11
:100FF000FFFFFFFFFFFFFFFFFFFFFFFFFFFFFFFF01
:10100000D1002043F1150060000000000000000046
:1010100020100060001000600074016000000000FB
:10102000000000600080010000000000FFFFFFFFE3
:10103000FFFFFFFFFFFFFFFFFFFFFFFFFFFFFFFFC0
:10104000FFFFFFFFFFFFFFFFFFFFFFFFFFFFFFFFB0
:10105000FFFFFFFFFFFFFFFFFFFFFFFFFFFFFFFFA0
:10106000FFFFFFFFFFFFFFFFFFFFFFFFFFFFFFFF90
:10107000FFFFFFFFFFFFFFFFFFFFFFFFFFFFFFFF80
:10108000FFFFFFFFFFFFFFFFFFFFFFFFFFFFFFFF70
:10109000FFFFFFFFFFFFFFFFFFFFFFFFFFFFFFFF60
:1010A000FFFFFFFFFFFFFFFFFFFFFFFFFFFFFFFF50
:1010B000FFFFFFFFFFFFFFFFFFFFFFFFFFFFFFFF40
:1010C000FFFFFFFFFFFFFFFFFFFFFFFFFFFFFFFF30
:1010D000FFFFFFFFFFFFFFFFFFFFFFFFFFFFFFFF20
:1010E000FFFFFFFFFFFFFFFFFFFFFFFFFFFFFFFF10
:1010F000FFFFFFFFFFFFFFFFFFFFFFFFFFFFFFFF00
:10110000FFFFFFFFFFFFFFFFFFFFFFFFFFFFFFFFEF
:10111000FFFFFFFFFFFFFFFFFFFFFFFFFFFFFFFFDF
:10112000FFFFFFFFFFFFFFFFFFFFFFFFFFFFFFFFCF
:10113000FFFFFFFFFFFFFFFFFFFFFFFFFFFFFFFFBF
:10114000FFFFFFFFFFFFFFFFFFFFFFFFFFFFFFFFAF
:10115000FFFFFFFFFFFFFFFFFFFFFFFFFFFFFFFF9F
:10116000FFFFFFFFFFFFFFFFFFFFFFFFFFFFFFFF8F
:10117000FFFFFFFFFFFFFFFFFFFFFFFFFFFFFFFF7F
:10118000FFFFFFFFFFFFFFFFFFFFFFFFFFFFFFFF6F
:10119000FFFFFFFFFFFFFFFFFFFFFFFFFFFFFFFF5F
:1011A000FFFFFFFFFFFFFFFFFFFFFFFFFFFFFFFF4F
:1011B000FFFFFFFFFFFFFFFFFFFFFFFFFFFFFFFF3F
:1011C000FFFFFFFFFFFFFFFFFFFFFFFFFFFFFFFF2F
:1011D000FFFFFFFFFFFFFFFFFFFFFFFFFFFFFFFF1F
:1011E000FFFFFFFFFFFFFFFFFFFFFFFFFFFFFFFF0F
:1011F000FFFFFFFFFFFFFFFFFFFFFFFFFFFFFFFFFF
:10120000FFFFFFFFFFFFFFFFFFFFFFFFFFFFFFFFEE
:10121000FFFFFFFFFFFFFFFFFFFFFFFFFFFFFFFFDE
:10122000FFFFFFFFFFFFFFFFFFFFFFFFFFFFFFFFCE
:10123000FFFFFFFFFFFFFFFFFFFFFFFFFFFFFFFFBE
:10124000FFFFFFFFFFFFFFFFFFFFFFFFFFFFFFFFAE
:10125000FFFFFFFFFFFFFFFFFFFFFFFFFFFFFFFF9E
:10126000FFFFFFFFFFFFFFFFFFFFFFFFFFFFFFFF8E
:10127000FFFFFFFFFFFFFFFFFFFFFFFFFFFFFFFF7E
:10128000FFFFFFFFFFFFFFFFFFFFFFFFFFFFFFFF6E
:10129000FFFFFFFFFFFFFFFFFFFFFFFFFFFFFFFF5E
:1012A000FFFFFFFFFFFFFFFFFFFFFFFFFFFFFFFF4E
:1012B000FFFFFFFFFFFFFFFFFFFFFFFFFFFFFFFF3E
:1012C000FFFFFFFFFFFFFFFFFFFFFFFFFFFFFFFF2E
:1012D000FFFFFFFFFFFFFFFFFFFFFFFFFFFFFFFF1E
:1012E000FFFFFFFFFFFFFFFFFFFFFFFFFFFFFFFF0E
:1012F000FFFFFFFFFFFFFFFFFFFFFFFFFFFFFFFFFE
:10130000FFFFFFFFFFFFFFFFFFFFFFFFFFFFFFFFED
:10131000FFFFFFFFFFFFFFFFFFFFFFFFFFFFFFFFDD
:10132000FFFFFFFFFFFFFFFFFFFFFFFFFFFFFFFFCD
:10133000FFFFFFFFFFFFFFFFFFFFFFFFFFFFFFFFBD
:10134000FFFFFFFFFFFFFFFFFFFFFFFFFFFFFFFFAD
:10135000FFFFFFFFFFFFFFFFFFFFFFFFFFFFFFFF9D
:10136000FFFFFFFFFFFFFFFFFFFFFFFFFFFFFFFF8D
:10137000FFFFFFFFFFFFFFFFFFFFFFFFFFFFFFFF7D
:10138000FFFFFFFFFFFFFFFFFFFFFFFFFFFFFFFF6D
:10139000FFFFFFFFFFFFFFFFFFFFFFFFFFFFFFFF5D
:1013A000FFFFFFFFFFFFFFFFFFFFFFFFFFFFFFFF4D
:1013B000FFFFFFFFFFFFFFFFFFFFFFFFFFFFFFFF3D
:1013C000FFFFFFFFFFFFFFFFFFFFFFFFFFFFFFFF2D
:1013D000FFFFFFFFFFFFFFFFFFFFFFFFFFFFFFFF1D
:1013E000FFFFFFFFFFFFFFFFFFFFFFFFFFFFFFFF0D
:1013F000FFFFFFFFFFFFFFFFFFFFFFFFFFFFFFFFFD
:10140000824205D051F8043B40F8043B8242F9D8AF
:10141000704700BF044A05494FF0000342F8043BFF
:101420009142FBD8704700BFC03A002040490020DD
:1014300008B5BFF34F8F00F039FA544C544B0820D5
:101440005449C3F85401544AC3F800115348C3F82F
:10145000F0405349FFF7D4FF524A53495348FFF72E
:10146000CFFF534CFFF7D6FF4FF470004FF0E02151
:101470000023504AC1F8880D44F823200133B02BD3
:10148000FAD14D4B80214D4A03F8011B9342FBD109
:101490004FF0E0254A4E4B4A4FF0FF31C5F8084D5A
:1014A000D5F8243D43F4E023C5F8243DF36923F047
:1014B0007F0343F04003F361736A23F07F0343F03B
:1014C000400373629166D1661167516700F0F6F9C7
:1014D0003D4A3E4BA2636322E36300246A61032317
:1014E0003B4AAC612B61C5F8202DD5F8FC2D394B5A
:1014F00042F080723849C5F8FC2D1A6842F00102AA
:101500001A605B680B6000F0A9FB344800F028FD0E
:10151000F16E334B334A41F44051F1661C60C3F81D
:101520000841C3F81841C3F82841C3F83841936B08
:10153000DB0708D442F615632B4951651365936B9D
:1015400043F001039363274A284C936843F0011347
:10155000936000F041FA00F029F900F0F9FC00F086
:10156000AFFB00F0A5F92368132BFCD900F044FC75
:101570002368B3F5967FFBD300F09EF900F09AF94B
:1015800000F0F2FC00F0DCFC30BFFDE70C0D1113A5
:1015900000800D401B101820081001000000000002
:1015A0004C260060C03A0020583601600000002040
:1015B00000380020A16A000000E400E0A0E400E0A0
:1015C00000C00F4000C00A40395300003D530000E6
:1015D00000002020001000E0EC4700200046C3235C
:1015E0000040084000400D400000C056F047002079
:1015F000054B4FF42A01054A05485A641864054A08
:1016000099639546FFF714FF00C00A40BFAAAAAA33
:1016100007002000008006200346094A09485B694C
:1016200003EB01110B7A02EB0313D3E901321060D3
:10163000CA681A600B690BB14A691A60704700BF2B
:101640001C23002061F801004369027E03EB0212B3
:1016500092F808C08C450FD01A7AFF2A0CD091421C
:101660001CD01A7EFF2A07D00121D3E9002312687B
:101670001A4202D1017670477047094B052203EBED
:101680000C135B6800B583B01A60CDE90001FFF769
:10169000C3FFDDE90001017603B000BD0021E4E7EE
:1016A0001C2300200346094A09485B6903EB01112A
:1016B00091F8283002EB0313D3E901321060CA6AB3
:1016C0001A600B6B0BB14A6B1A6070471C23002029
:1016D00061F801004369427E03EB021292F828C0D0
:1016E0008C4511D093F82820FF2A0DD091421DD0AF
:1016F00093F83820FF2A07D00121D3E9002312688C
:101700001A4202D1417670477047094B052203EB1C
:101710000C135B6800B583B01A60CDE90001FFF7D8
:10172000C1FFDDE90001417603B000BD0021E4E71F
:101730001C2300201A4942698B6BDFF86CC023F42C
:101740007C0343F4802300B583B08B63D2E900139C
:1017500001900A681A4303690A60022200211A6193
:10176000104A19619A6401225A62C3F828C04FF4E2
:10177000303CC3F82CC04FF0011CD3F848E0C3F84C
:1017800050E01962C3F858C01A61017EFFF744FFA8
:101790000198417E03B05DF804EBFFF783BF00BF03
:1017A00000C00F403B372819B80B05050F4B40F21E
:1017B000376C0F4AA020D96E41F44031D966D96EFA
:1017C00041F44071D966C2F844C09064936C1B0622
:1017D000FCD4084A40F23761A02351649364936CAF
:1017E00013F08003FBD1044A1370704700C00F4010
:1017F00000400C4000800C40FD480020294A002198
:101800000123C2F8A000C2F8A410C2F8B030536996
:10181000D907FCD501234FF4803C22495361C2F81B
:10182000A000C2F8A4C0C2F8B0304B69DB07FCD5F9
:1018300001234FF4003C1B4A4B61C1F8A000C1F8E2
:10184000A4C0C1F8B0305369D907FCD50123DFF833
:1018500058C014495361C2F8A000C2F8A4C0C2F82D
:10186000B0304B69DB07FCD5D1F8003145F60D509F
:101870004FF0210C9AB2C1F814C0824210D045F644
:101880009D518A420AD1C3F34253032B08D0A3F1DE
:101890000403B3FA83F35B09180170470020704713
:1018A0000820704700402A4004000300704700BF32
:1018B000704700BF704700BF00BF70474FF0E02384
:1018C00000214FF0100C3448C3F8941DC3F89CCD90
:1018D0004FF0110CC3F8A00D3048C3F89CCD4FF069
:1018E000120CC3F8A00D2E48C3F89CCD2D4AC3F8A6
:1018F000A00DDFF8D0C042F015022B48C3F89CCDF4
:10190000C3F8A00DDFF8C0C02848C3F89CCDC3F8C9
:10191000A00DDFF8B8C0C3F89C2D2548254AC3F8B0
:10192000A0CDC3F89C0DC3F8A02D02F5A022DFF8CE
:10193000A0C00C322048C3F89CCDC3F8A02D1F4A8C
:10194000C3F89C0DC3F8A02D02F14062DFF884C0FB
:1019500002321B48C3F89CCDC3F8A02D0A32C3F84D
:101960009C0DC3F8A02D00BF00BF00BF00BF00BF8B
:101970000122C3F8942DBFF34F8FBFF36F8FC3F8CD
:10198000501FBFF34F8FBFF36F8FD3F8142D42F466
:101990004032C3F8142D70473F000010250008079F
:1019A000090010004049002021000207250008130B
:1019B0001600202027000B13180000602F000B07D3
:1019C0001A000080130020001400002009000010FD
:1019D000170000401900007030B5864B85B0DFF865
:1019E00074E21822844D0120C3F85CE28349C3F8F5
:1019F0006052A5F58055DFF860C2814CC3F864E2FF
:101A0000C3F868522125C3F86CC2C3F870C2C3F88A
:101A100074C2C3F878C248F20C7CDA661A675A6757
:101A20009A67DA67C3F88020C3F88420C3F8882057
:101A3000C1F82C03734AC1F83003C1F83403C1F86C
:101A40003803C1F83C03C1F85003A1696E4B0A404A
:101A50006E486F4913436F4AA361D4F8843043F052
:101A60000C03C4F884304FF0FF34036843F00203E2
:101A70000360036803EA0C031A43674B0260446087
:101A80008A68664C1340664A43F000538360C3681B
:101A900023F07803C360036A23401A43604B026259
:101AA000026A22405F4C1343002243628462C46294
:101AB00040F20564D1F8B83023F03F0343F001034E
:101AC000C0F8B830D1F8BC30574923F03F0343F099
:101AD0000103C0F8BC3002610567C0F8804045676B
:101AE000C0F884400224036823F00203036081618C
:101AF0004E4B4F49C46143F8042B8B42FBD1434CFE
:101B0000236843F001032360256815F00105FBD12C
:101B10004548022240F2F561A06140F29940E2613D
:101B200040F26642C4F8001242F20141C4F81022A9
:101B3000404AC4F82002C4F8302240F23542C4F8CA
:101B400034123D48C4F840223C4AC4F850022846AA
:101B5000C4F8542242F201223949C4F86012C4F890
:101B60006422FFF74BFE0246002839D08102012390
:101B70004FF4802021662549C4F8A050C4F8A40081
:101B8000C4F8B0304B69D807FCD515050124039281
:101B900028464C61FFF732FE039A2A4B0244D2B228
:101BA0001A7080B1194980024FF4802348660846B4
:101BB000C1F8A050C1F8A430C1F8B0404369DB07B8
:101BC000FCD50123436120490024204801230094CF
:101BD000401A00EB02521E4800F0CEF905B030BDAD
:101BE0001B4B184918600870D860C3E9010005B0A4
:101BF00030BD00BF00801F40F910010000841F406D
:101C000000C00F40FFFCFF1F0003008000402A407F
:101C100000802A401200FFFFFF37F70000FFF07C32
:101C200040000080FF000F83F05AF05A00422A4023
:101C300000432A409F041830EB06180A063201269A
:101C40003806180AFE4800200000007000000070EE
:101C5000A0460020F9B00100F970010010B5174A44
:101C60004FF480544FF4005E4FF4404C4FF48030FA
:101C700043F24201136913F0020F0DD113F4005F18
:101C80000FD013F4805F0FD0002BF3DA13F4803FF2
:101C90000CD15B060ED510BDC2F818C05061916121
:101CA000E8E7C2F814E0E5E75461E3E74FF4803376
:101CB0009361DFE740235361DCE700BF00800D4004
:101CC000414A03204149F3EE095AD2F880309FED92
:101CD000406A23F001039FED3F5ADFF814C100B5BD
:101CE000C2F88030C2F89000D1F8E010DFF804E1CB
:101CF000CBB23948CEF8003007EE903A0B0DC1F365
:101D00000B21F8EEE77A06EE903A07EE101A334B05
:101D1000B8EEC77ACCF80010F8EEE66A304937EE34
:101D2000C66A37EEC55A76EEC76A77EEE57A26EED2
:101D3000266AC3ED006A25EE265AD2F8803067EE97
:101D4000A64AC0ED007AC6EE275A264885EE276AD5
:101D5000C4EEA76A75EE875AFCEEE55A36EE076ABE
:101D600015EE90CABCEEC66A43EA0C5376EE877A4B
:101D7000C2F8803016EE103AD2F890C1FCEEE77A45
:101D800001EA034141EA0C014FF0000C17EE903AD2
:101D9000C2F89011C3F30B03D2F890110B43124910
:101DA000C2F89031D2F8803043F00203C2F880309C
:101DB0000E4B80F840C0C1F840314FF0E0230122C3
:101DC000C3F8082100BD00BF00810D4000441F4042
:101DD0000000AA420000B4425C4700206047002097
:101DE0000000FF0F00E400E000380020856C0000D8
:101DF0005447002058470020314B40F6617210B51F
:101E0000C3F8202140F2044400F09EF82D4A2E49E8
:101E1000D2F880302D4843F00303C2F880302C4BB9
:101E2000C1F8604102681A4203D1D1F8A8319A077B
:101E30001BD0254A4FF00041244B5963D2F8403162
:101E400043F00203C2F84031D2F840319B07FBD483
:101E50004FF400304FF0E0211C4B4FF00042C1F82E
:101E60008C0219209A6300F083F8184B0021164C5D
:101E70004FF080420A209A634FF420721960C4F830
:101E8000A801144800F068F84FF4800203464FF4AC
:101E9000810040F243111860C4F858311A640E4BA7
:101EA0000E4AC4F84811C3F804224FF0E0224FF460
:101EB00000310123C2F80C11C4F8403110BD00BF3D
:101EC00000800D4000C00F4000002E4000900D40EB
:101ED000001C1E000000002000380020896E000059
:101EE00008B50E4B1B6E9B0700D4FBBE72B60C4BA5
:101EF00000200C4AC3F8400103F160430A49A3F5EE
:101F00005F2311649D46BFF34F8F4FF40013074AC0
:101F10000748DB6902609B68984700BF00441F4088
:101F200000002E4000C00A4003002000000012EB19
:101F300000802020F8B500BFF8BC08BC9E46704762
:101F40005FF800F03D6400005FF800F0F5750000F8
:101F50005FF800F0916900005FF800F0C1A4000094
:101F60005FF800F0895900005FF800F08DA70000CD
:101F70005FF800F09D5C00005FF800F0297F000032
:101F80000501000005090000351B0000A51F000029
:101F9000052800006D2D000051330000BD39000000
:081FA000E13B00009D5500002B
:101FA800012F00002A000000A3000000012F0000FC
:101FB80029000000A300000000FF2F0027000000F8
:101FC80000FF2F0026000000000103070F1F3F7FBE
:101FD8000080C0E0F0F8FCFEDB40A4A62EAF0000B5
:101FE8002000A1C8D300408DAED580A800F0000124
:101FF800C007FFF0FFFFBF07E001FE000FF007FF7B
:10200800F8FFFFBF07F007FFC07FFC07FFFCFFFFDB
:10201800BF07F01FFFFFFFFF07FFFCFFFFBF07F031
:102028007FFFFFFFFFC7F3FCFFFFBF07F07FFFFF46
:10203800FFFF87F0FE07F03F07F01FFFFFFFFE07D7
:10204800F0FE07F03F07F007FF803FF807F07E0734
:10205800F03F07F001FC0007F007F07E07F03F07AC
:10206800F000600001C007F07E07F03F07F00000B5
:1020780000000007F07E07F03F07F000F00003C003
:1020880007F07E07F03F07F003FE000FF007F07E31
:1020980007F03F07F00FFFC0FFFC07F07E07F03F97
:1020A80007F03FFFFFFFFF07F07E07F03F07F07FD5
:1020B800FFFFFFFFC7F07E07F03F07F03FFFFFFF7E
:1020C800FF87F07E07F03F07F00FFFFFFFFE07F0E6
:1020D8007E07F03F07F007FF003FF807F07E07F0A4
:1020E8003F07F001F80007E007F07E07F03F07F030
:1020F800006000008007F07E07F03F07F000000056
:10210800000007F07E07F03F07F000F80003E00743
:10211800F07E07F03F07F003FE001FF807F07E0788
:10212800F03F07F00FFFC0FFFC07F0FE07F03F0786
:10213800E03FFFFFFFFF07F0FE07F03F07E07FFFEC
:10214800FFFFFF87F0FE07F03F87E03FFFFFFFFF3D
:1021580087FFFC07F03FCFE00FFFF3FFFE07FFFC10
:1021680007F01FFFE003FF003FF807FFFC07F01F21
:10217800FFC000F80007E007FFF807F00FFF800036
:102188006000008003FFE007F007FF000000000088
:102198000001800000000000000000000380000033
:1021A8000000000000000007C00000000000000060
:1021B800000007C00000000000000000000FC00081
:1021C80000000000000000001FE000000000000008
:1021D8000000001FE00000000000000000003FE0D9
:1021E8000000000000000000003FF00000000000B8
:1021F800000000007FF0000000000000001FF87FD2
:10220800F0000000000000003FFE7FF0000000002A
:102218000000003FFF7FF0000000000000001FFFEB
:10222800FBE0000000000000000FFFF9FFC0000005
:10223800000000000FFFF9FFF80000000000000791
:10224800FFF1FFFF00000000000003FC73FFFF80A8
:10225800000000000001FE3FFFFF800000000000BA
:1022680000FF1E0FFF000000000000007FFE1FFCA3
:10227800000000000000003FFFFFF8000000000021
:1022880000000FDFFFE0000000000000001F19FF42
:10229800C0000000000000003F3CFF0000000000FC
:1022A8000000007E7CF800000000000000007FFEB7
:1022B8007C0000000000000000FFFFFC00000000A0
:1022C80000000000FFFFFE0000000000000000FF0B
:1022D800FFFE0000000000000001FFEFFE0000000C
:1022E8000000000001FFCFFE000000000000000316
:1022F800FF07FE0000000000000003FC07FE0000CE
:10230800000000000003F003FE00000000000000D1
:10231800018000FE000000000000000000007E00B8
:102328000000000000000000003E00000000000067
:10233800000000000C000000000000078000FC0006
:102348000003C0000000078001FC000003C000007B
:1023580000078001FC000003C0000000078001E0C6
:102368000000001E000000078001E00000001E00C1
:102378007FE3F79FF9FDE7787BDFC0FFF7FFBFFD3D
:10238800FDFF787BDFC0FFF7FFBFFDFDFF787BDF38
:10239800C0F0F787BC3DE1FF787BDE00F0F787BC33
:1023A8003DE1F0787BDE0000F787803DE1E0787B57
:1023B800DE007FF7879FFDE1E0787BDE00FFF7878F
:1023C800BFFDE1E0787BDE00F0F787BC3DE1E07817
:1023D8007BDE00F0F787BC3DE1E0787BDE00F0F7BC
:1023E80087BC3DE1E0787BDE00FFF7FFBFFDE1E061
:1023F8007FFBDFC0FFF7FFBFFDE1E07FFBDFC07CB5
:10240800F3F39F3DE1E03E7BCFC0000000000000F9
:102418000000000000FFFFFFFFFFFFFFFFFFFFC0FE
:10242800FFFFFFFFFD68DB111A31C0FFFFFFFFFD53
:102438002B5AFB6AEFC0FFFFFFFFFD4B5B3B1A33D4
:10244800C0FFFFFFFFFD6B5BDB6AFDC080C00F4074
:10245800000000031900000010000000E8841F407D
:1024680001000000FF000000FF0000000000000065
:10247800000000001800000010000000E4841F4065
:1024880001000000FF000000FF0000000000000045
:10249800000000001F000000054D000070C00F4044
:1024A800000C00001100000011000000E0841F4033
:1024B800020000002C00000012000000E0841F4011
:1024C800010000001000000011000000DC841F4023
:1024D800020000002D00000012000000DC841F40F4
:1024E800010000001E000000F94C000070C00F4001
:1024F800C00000001200000013000000D0841F403C
:1025080001000000FF000000FF00000000000000C4
:10251800000000001300000013000000CC841F40DE
:1025280001000000FF000000FF00000000000000A4
:10253800000000001C000000ED4C000016035500D0
:1025480053004200200053006500720069006100DA
:102558006C00000018035400650065006E007300ED
:1025680079006400750069006E006F0004030904B7
:1025780009026200030100C032080B0002020201D6
:1025880000090400000102020100052400100105F1
:10259800240101010424020605240600010705821E
:1025A8000310001009040100020A000000070503D7
:1025B80002400000070584024000000904020002EE
:1025C800FF6AFF000705810240000107050102407C
:1025D8000001000009026200030100C032080B007C
:1025E80002020201000904000001020201000524A0
:1025F8000010010524010101042402060524060037
:10260800010705820310000509040100020A000001
:102618000007050302000200070584020002000902
:1026280004020002FF6AC7000705810200020107D1
:1026380005010200020100000A060002EF02014043
:04264800010000008D
:10264C00000000000000000000000000000000007E
:10265C00000000000000000000000000000000006E
:10266C00F8B54FF084439D695A6915400DD0254F3C
:10267C0001269D6195FAA5F4B4FA84F457F8243038
:10268C0006FA04F49847A543F4D11F4B9D695A6987
:10269C0015400DD01D4F01269D6195FAA5F4B4FA95
:1026AC0084F457F8243006FA04F49847A543F4D17F
:1026BC00174B9D695A6915400DD0164F01269D6127
:1026CC0095FAA5F4B4FA84F457F8243006FA04F415
:1026DC009847A543F4D1104B9D695A6915400DD00C
:1026EC000E4F01269D6195FAA5F4B4FA84F457F8BF
:1026FC00243006FA04F49847A543F4D1BFF34F8F66
:10270C00F8BD00BFE03400200040004260350020DE
:10271C0000800042E035002000C0004260360020FE
:10272C000548064B1B1AD90F01EBA301491002D027
:10273C00034B03B118477047C03A0020C03A002041
:10274C000000000008B5054B1BB105490548AFF367
:10275C000080BDE80840FFF7E3BF00BF00000000A9
:10276C00FC460020008001600B4B01210B4A93EDCD
:10277C00007A1170B7EEC77A9FED056B37EE067BCA
:10278C00B7EEC77B83ED007A704700BFAFF30080D4
:10279C007B14AE47E17A843FF847002000490020C3
:1027AC00036818470B680360704700BF0B68036031
:1027BC00704700BF704700BF00B583B0019005F0B3
:1027CC00CBF9019803B000BD9D4B12219D4870B50B
:1027DC001C6807F0A9FD9C4B9A6803EB8203D3F8A5
:1027EC008C5035B128460AF02BFB0146284607F0E1
:1027FC009BFD964805F07CFA0E21954807F094FD58
:10280C000A22002342F21071904805F08BFA0A213B
:10281C00904807F089FD02218C488F4E9FED840B68
:10282C0005F092FA09218D4807F07EFD02218748B8
:10283C009FED810B05F088FA0821894807F074FD9B
:10284C00884B8248B3F8581105F046FA7F4805F0DA
:10285C004FFA1621844807F067FD40F699417B48F2
:10286C0005F03AFA0C21814807F05EFD00230A229C
:10287C007C21764805F056FA06217D4807F054FD78
:10288C00724805F035FA0E217A4807F04DFD6F4875
:10289C0005F02EFA0921784807F046FD6B4805F043
:1028AC0027FA1321754807F03FFD684805F020FA18
:1028BC002421734807F038FD644805F019FA2121EA
:1028CC00704807F031FD614805F012FA25216E4879
:1028DC0007F02AFD5D4805F00BFA19216B4807F04B
:1028EC0023FD5A4805F004FA2A21694807F01CFD1B
:1028FC00564805F0FDF93368002B40F386807C3494
:10290C00002514ED1F0A042150480135B7EEC00A0A
:10291C007C3405F019FA01215E4807F005FD54F8E6
:10292C00F41C4A4805F0D8F901215A4807F0FCFC80
:10293C0014ED3C0A02214548B7EEC00A05F004FA32
:10294C000121544807F0F0FC14ED380A02213F48ED
:10295C00B7EEC00A05F0F8F901214E4807F0E4FC87
:10296C0014ED370A02213948B7EEC00A05F0ECF92C
:10297C000121484807F0D8FC54F8D81C334805F01E
:10298C00ABF90121434807F0CFFC54F8D41C2F4875
:10299C0005F0A2F901213F4807F0C6FC14ED3A0AF4
:1029AC0002212A48B7EEC00A05F0CEF901213948B8
:1029BC0007F0BAFC14ED390A02212448B7EEC00A1C
:1029CC0005F0C2F90121334807F0AEFC14ED320AD0
:1029DC0002211E48B7EEC00A05F0B6F901212D48B8
:1029EC0007F0A2FC14ED310A04211848B7EEC00A16
:1029FC0005F0AAF90021284807F096FC134805F0C9
:102A0C0077F93368AB423FF77CAF0721234807F0D7
:102A1C008BFC31680D4805F05FF90A21204807F05E
:102A2C0083FC0A48BDE8704005F062B9AFF3008042
:102A3C000000004033332340000000A0C420A03F1E
:102A4C00B046002090060020503E0020802E002032
:102A5C00A4060020B4060020B4460020C0060020C6
:102A6C00CC06002068440020D8060020F006002088
:102A7C00000700200807002018070020240700206A
:102A8C00380700206007002084070020AC070020D6
:102A9C00C8070020600C0020F0110020F407002073
:102AAC00FC070020084B4FF0020C08480021D3ED26
:102ABC00007A074A77EE807A064BC0F800C01160A6
:102ACC00C3ED007A704700BFF8470020E8470020AC
:102ADC0064440020884600205F4A13680C2B10B514
:102AEC000CDC002B25DB0C2B23D8DFE803F03E227B
:102AFC0022222222222222225F7C9500642B18D1D2
:102B0C005649574BD1ED007A93ED007AF4EEC77A23
:102B1C00F1EE10FA0CDD9FED537A4FF0020C524996
:102B2C00002077EE877AC2F800C00860C3ED007A07
:102B3C0010BD4A494A4B91ED007AD3ED007AB4EEC0
:102B4C00E77AF1EE10FAF3DD0023484848490360B8
:102B5C00436002F00FFE4749012000233E4A0870F3
:102B6C001360BDE81040FFF72FBE434B43499B68F1
:102B7C00496F03F400230B43DAD00023404C3C494B
:102B8C003A48236002F0F6FD00233E480021334A08
:102B9C00C0E90833374811600370334A304B3A4868
:102BAC00116018600A232C4A136010BD2B492C4B62
:102BBC0091ED007AD3ED007AB4EEE77AF1EE10FAEB
:102BCC00B6DDB7EEC77A4FF07F5C27480B219FED3F
:102BDC00206BC0F800C0116037EE067BB7EEC77BE8
:102BEC0083ED007A10BD1D491D4BD1ED007A93ED9C
:102BFC00007AF4EEC77AF1EE10FA99DDB6EE007AAF
:102C0C00DFF888C018480C2177EE877AC0F800C02E
:102C1C001160C3ED007A10BD1049114BD1ED007A53
:102C2C0093ED007AF4EEC77AF1EE10FA80DDB6EE91
:102C3C00007ADFF85CC00C48642177EE877AC0F824
:102C4C0000C01160C3ED007A10BD00BFAFF300806F
:102C5C00B81E85EB51B8DE3FE8470020F84700204E
:102C6C00884600209A99993E64440020B84600207A
:102C7C0080380100003D002000400042503E002002
:102C8C00B4460020684400200AD7A33C0000404012
:102C9C000000C04000000000454B1A68002A05DD0A
:102CAC00444940F698400B68834200DD704710B5EC
:102CBC00414CC3EB431382B0206800EB83033F48C5
:102CCC005A603F4A0068126818609A603D4A92ED5B
:102CDC00007A5268B1EE477ADA613B4A106AD2ED5B
:102CEC00457A404283ED067AF1EE677A1862506AB3
:102CFC00D2F8182158625A613448354A0068126873
:102D0C00C3ED047A18630F20DA6005F0CFF8C0F534
:102D1C000060284906EE900A22680B680E20B8EE77
:102D2C00E66BC3EB43139FED1C5B9FED1D7B02EB2E
:102D3C008302A6EE057B8DED005BB7EEC77B82EDC3
:102D4C000A7A05F0B3F8A0F500601A4906EE900A6D
:102D5C0023680A68B8EEE66BC2EB421C01329DEDAB
:102D6C00005B9FED117B0A6003EB8C031949A6EE07
:102D7C00057B194AD1F800C049689068D964D168BC
:102D8C001269C3F848C09865D965B7EEC77B1A6657
:102D9C0083ED0B7A02B010BD3BDF4F8D976E723F07
:102DAC00A4703D0AD7A3D03F9A9999999999D1BF0C
:102DBC00E8470020B4460020B0460020F847002029
:102DCC0064440020B846002068440020503E002097
:102DDC006044002014470020D03D00202DE9F04332
:102DEC002B4D8DB02B4C40F2EE282B4FDFF8D490AE
:102DFC002E6807F015FB2378002B3CD03B78DB07C3
:102E0C0039D52B68D9F800209B1A0E2B33D9234BBC
:102E1C0002A9234A08A8009306930292FFF7C2FC6A
:102E2C0006A9204A204804F013FE069B08A8DB687C
:102E3C009847009B02A8DB6898471C4802F0C2FD2B
:102E4C001B4802F0C5FC1B4801F0DEFB3023194A7D
:102E5C001948A2F8583102F069F84FF49831144827
:102E6C0002F088FC154803F0FBF8154B01221A7090
:102E7C000DB0BDE8F0832B6822789B1B2AB1B3F50B
:102E8C00FA6FC4D807F0CCFAB3E74345FAD9BEE7DA
:102E9C00F04700200849002007490020B8200020F6
:102EAC00290100007FA903001C370020503E0020A0
:102EBC00B846002068440020D03D0020FC4700208C
:102ECC00003D0020E848002080B5154C154E164FEB
:102EDC00164D237800221648EBB1227002F064F9EB
:102EEC00144801F0A7FEFFF7F7FD33682846002BC6
:102EFC0007DDD7ED007AB1EE677AC5ED017A85ED85
:102F0C00007A02F037FDFFF7C7FE0B4802F0B6FF60
:102F1C000A4801F005F80A4803F068F9D9E700BF40
:102F2C0000490020E847002064440020B8460020F7
:102F3C00D03D002068440020503E0020003D002081
:102F4C00FC47002008B5064807F0D4FE054B064A9E
:102F5C00186006490648BDE8084007F0CDBC00BF24
:102F6C001C1A0600B04600205C32002079010000DB
:102F7C001C37002010B483B00B46CDE90012C27C84
:102F8C00002A30D072B6C27CD40708D54FF0E02CA2
:102F9C004469DCF8801121408162CCF880119107E2
:102FAC0008D54FF0E02C8469DCF884112140C16213
:102FBC00CCF88411540708D54FF0E02CC469DCF828
:102FCC00881121400163CCF88811110708D54FF006
:102FDC00E02C046ADCF88C1121404163CCF88C1194
:102FEC00D2063AD462B68268934240D0234A8360B8
:102FFC0092692349C2F3011CC2F3826251F82CC0BE
:10300C000132BCFBF2F103B38B4232D8B1FBF3F2C9
:10301C00B1FBF2F18B422ED3B2F5817F1BD2022A87
:10302C0027D9023A530803EB032342EA0323C36074
:10303C000268032100201061516201211364019B7D
:10304C001366116103B010BC70479445EFD34A1C52
:10305C00B2F5817FE3D30B4BE9E74FF0E021446AF3
:10306C00D1F8902122408263C1F89021BAE7C3685D
:10307C00DEE70023DBE71146E9E700BF00C00F40A5
:10308C00C8200020FF7F7F0000207047704700BFE2
:10309C00002905DBB0F90CC08C4501DD002A00DAF3
:1030AC007047B0F90EC09445FADD00B590F81AC01F
:1030BC00BCF1020F33D0BCF1030F26D0BCF1010FD1
:1030CC0007D1B0F808C0ACEB020C0A460CF1FF318A
:1030DC0009B2012B45D0022B2ED0ABB9002A1346D6
:1030EC00B0F808E0B8BFD31DD0F82CC002F007022E
:1030FC000120DB1000FA02F213FB0E131CF8031074
:10310C0021EA02020CF8032000BDB0F80AC00CF151
:10311C00FF3CACEB010C11460FFA8CF2D9E7B0F87E
:10312C0008C00CF1FF3CACEB010C41898A1A0FFA78
:10313C008CF1013A12B2CCE7002A1346B0F808C061
:10314C00B8BFD31DC06A02F00702DB1013FB0C13CF
:10315C00012110F803C001FA02F282EA0C02C254F7
:10316C0000BD002A1346B0F808E002F0070CB8BF07
:10317C00D31DC06A0122DB1002FA0CF213FB0E13F2
:10318C00C15C0A43C25400BDF0B5B0F90840BDF8AB
:10319C0014C08C4234DD002A33DBB0F90A509E187F
:1031AC00A5EB020E0FFA8EFEAE42C8BF7346002B83
:1031BC0026DDC2F3C40EC56A12F00702DBB21EFB99
:1031CC0004112F4605EB010E1FD0C2F10805594E14
:1031DC00EDB2AB42765D5DD2EB1AFF22BCF1010F72
:1031EC0042FA03F306EA030300F08D80BCF1020FF0
:1031FC0060D0BCF1000F03D17A5C22EA03037B544C
:10320C00F0BD134400221BB2C7E7072B32D9BCF127
:10321C00020F20D0BCF100041A4618BF01246442EE
:10322C00083A8EF80040B0F90810D2B28E44072A42
:10323C00F6D813F00703E3D03F4ABCF1010FD35C7F
:10324C005BD0BCF1000FDBD19EF8002022EA030317
:10325C008EF80030F0BD1A469EF80010083AC943AB
:10326C00D2B28EF80010072AB0F908108E44F3D8A9
:10327C0003F00703002BC3D02F4ABCF1010FD35C22
:10328C003BD0BCF1020FDCD19EF8002053408EF8ED
:10329C000030F0BDBCF1010F20D0BCF1020F0DD0FD
:1032AC00BCF1000F33D0083A1A44D3B2072BA7D97C
:1032BC00A644AFE77A5C53407B54F0BD083A1A44FD
:1032CC00D3B27A5C7240072B7A54B0F9082096443A
:1032DC00C1D8002B94D0184AD35CD5E7083A1A44CD
:1032EC00D3B27A5C3243072B7A54B0F90820964457
:1032FC0090D8002B84D0104AD35C9EF80020134346
:10330C008EF80030F0BD7A5C13437B54F0BD083A64
:10331C001A44D3B27A5C22EA0602072B7A54B0F92B
:10332C00082096443FF676AF002B3FF469AF024A73
:10333C00D35C89E7D81F0060D01F0060002AF0B56D
:10334C00BDF914C0BDF818E003DA62440FFA82FC30
:10335C0000221446821A0CEB040512B28542C8BF37
:10336C009446BCF1000F51DDDA1003F0070310FB9B
:10337C000240012202FA03F396450144DBB246D027
:10338C00BEF1020F00F08280BEF1000F3ED11FFA99
:10339C008CF283F0FF03501E174680B206280646B7
:1033AC002AD9744663F3070ED20863F3070463F358
:1033BC000F2E01EBC2050A4663F30F2463F3174E7D
:1033CC0063F3174463F31F6E63F31F6410680832D2
:1033DC0000EA0E0042F8080C52F8040C204042F8A7
:1033EC00040CAA42F2D12CF0070C1FFA8CF2974273
:1033FC000CD0A6EB0C061144B0B20130084411F805
:10340C00012B1A40884201F8012CF8D1F0BD1FFAAB
:10341C008CF2541E1746A0B2062806462BD900255E
:10342C00D208AE4663F3070501EBC2040A4663F308
:10343C00070E63F30F2563F30F2E63F3174563F346
:10344C00174E63F31F6563F31F6E10680832284331
:10345C0042F8080C52F8040C40EA0E0042F8040C36
:10346C009442F2D12CF0070C1FFA8CF29742CDD07B
:10347C00A6EB0C061144B0B20130084411F8012B34
:10348C001A43884201F8012CF8D1F0BD1FFA8CF2D6
:10349C0002F1FF3E17461FFA8EF0062806462AD97F
:1034AC000024D208254663F3070401EBC20E0A463A
:1034BC0063F3070563F30F2463F30F2563F31744DA
:1034CC0063F3174563F31F6463F31F6510680832D9
:1034DC00604042F8080C52F8040C684042F8040CA6
:1034EC007245F3D12CF0070C1FFA8CF297428DD059
:1034FC00A6EB0C061144B0B20130084411F8012BB4
:10350C005A40884201F8012CF8D1F0BD10B58C4618
:10351C001146827E82B0022ABDF810E01BD0032A2D
:10352C000FD0012A21D10289521A013A11B2002975
:10353C000FDB6246CDF810E002B0BDE81040FFF79B
:10354C0023BE9C4442890029A2EB0C020FFA82FC98
:10355C00EFDA02B010BD42899C44521A013A11B202
:10356C000289A2EB0C020FFA82FC0029F1DBB0F904
:10357C000A208A42EDDD1C46CDF804E00B4662467B
:10358C00C16AB0F908000094FFF7D8FE02B010BD74
:10359C0000B590F81AC083B0BCF1020FBDF810E072
:1035AC0027D0BCF1030F1BD0BCF1010F2FD11A4453
:1035BC00B0F808C0ACEB020212B200290EDBB0F975
:1035CC000AC08C450ADD9C46CDF804E00B46C16A66
:1035DC00B0F90800CDF800C0FFF7B0FE03B000BD95
:1035EC00B0F80AC0ACEB010C0CF1FF3C0FFA8CF1FB
:1035FC00E3E7B0F808C01A44ACEB010C0CF1FF3C4B
:10360C000FFA8CF1B0F80AC0ACEB020212B200292E
:10361C00E4DBCDF810E003B05DF804EBFFF7B4BDCC
:10362C0030B583B0044601939DF9185003F066F849
:10363C000D4A019B2260002262629BB1A3620023AF
:10364C000A4A4FF0FF31E3622046079B84F837505B
:10365C00A365089BC4F83310E36507236266A36671
:10366C0003B030BD024BE9E71C20002000093D00EF
:10367C00902E0020826A0B4630B583B0DAB10191EE
:10368C00044690F8301040F201104900A2F82F01C6
:10369C0082F8A5100021A06A026812689047A06AFF
:1036AC00019903681B6898470121A06A03B0BDE823
:1036BC00304003F081BC016C056D0A68446A22EA53
:1036CC0005020A6044B122685366D36D13F4F81FE7
:1036DC00FBD0536F03B030BDD0E90EE24FF0080CB5
:1036EC008024DEF800502342816C4FEA540414BF4E
:1036FC00294325EA0101BCF1010CCEF80010116838
:10370C00C56C41EA050111601168C56C21EA05011F
:10371C001160E6D1DEE700BF10B50446806A82B0C6
:10372C000B4690B10191A16D03F012FE019BA3F128
:10373C005A012046C9B2FFF79DFFA06AA0B1E16D06
:10374C0002B0BDE8104003F003BE606A28B10191DD
:10375C00D4E91912FFF70EFC019B616C606D0A68CD
:10376C0022EA00020A60E2E7616C606D0B68626A33
:10377C0003430B6022B3D37C13B3D90704D5906AEF
:10378C004FF0E021C1F800019C0704D5D06A4FF03E
:10379C00E021C1F80401580704D5106B4FF0E0216B
:1037AC00C1F80801190704D5506B4FF0E021C1F89E
:1037BC000C01DB0604D5926B4FF0E023C3F810210B
:1037CC0002B010BD2DE9F041836A571E0D46FFB2C1
:1037DC00002B3AD0144690F8302040F201180646DF
:1037EC0052000021A3F82F8183F8A520806A03687A
:1037FC001B6898471CB3013701242F4408E0A4B27E
:10380C00B06A15F8011B03681B689847BD4216D0B7
:10381C00882C04F10104F2D10121B06A03F0CCFB35
:10382C0096F83030B26A00215B000224A2F82F8196
:10383C0082F8A530B06A03681B689847E0E7B06A65
:10384C000121BDE8F04103F0B7BB016C046D0B68BE
:10385C0023EA04030B609AB1AC460137436A3D443A
:10386C001CF801EB73B11A68C2F864E0D36D13F461
:10387C00F81FFBD06545536F02D01CF801EBF3E742
:10388C00BDE8F081D0E90E630824802137681EEA78
:10389C00010F826C4FEA510114BF3A4327EA02022E
:1038AC00013C32601A68C76C42EA07021A601A6857
:1038BC00C76C22EA07021A60E8D1AC45E0D01CF8CC
:1038CC0001EBE1E72DE9F0411546B0F90A209846E5
:1038DC000446D31D86B0C06A0F4648BF02F10E03E2
:1038EC00B4F908209DF83060DB1003FB02F20028CD
:1038FC0000F04981002109F003F9B4F90A30B4F958
:10390C000800202B00F3B280B3F120024FF0010C21
:10391C0048BFA3F11F02B0F167014FF0200348BF6D
:10392C00A0F16601521020464910CDE9013C6723F5
:10393C000093A74B02F0FAFEA06A84F831700028BD
:10394C0000F0B2802DB9B4F90A30202B14BF3D25FC
:10395C003C2584F83050002E40F01F81B8F1000F48
:10396C0000F0CF8094F93700002818DB0121C0B299
:10397C0004F056FD012194F8370004F02FFD0120CE
:10398C0004F0ACFC002194F8370004F027FD0A2069
:10399C0004F0A4FC012194F8370004F01FFDA06A88
:1039AC00002840F0AE80606A18B1D4E91912FFF714
:1039BC00E1FA626C616D136823EA0103136004225F
:1039CC0084492046FFF7FEFE618920460139C9B2C1
:1039DC00FFF750FE804904222046FFF7F3FE94F9CE
:1039EC0031302046012B14BF14211021FFF742FE69
:1039FC0004227A492046FFF7E5FEB4F908308F22FD
:103A0C00802B84F8602000F0AF80602B00F0CB801E
:103A1C000225DA212046FFF72DFE29462046FFF726
:103A2C0029FE81212046FFF725FE94F860102046E0
:103A3C00FFF720FED9212046FFF71CFE94F9313008
:103A4C002046012B14BFF1212221FFF713FE204643
:103A5C0006226349FFF7B6FEA06A002855D0E16D37
:103A6C0003F076FC012006B0BDE8F081B3F1400212
:103A7C004FF0010E48BFA3F13F02B0F152014FF0DD
:103A8C00400348BFA0F15101521020464910CDE926
:103A9C00013E52230093534B02F048FEA06A84F877
:103AAC00317000287FF44EAF012194F8350004F0FA
:103ABC00B7FC012194F8360004F0B2FC4A4D94F99D
:103ACC00352094F936301101606A05EB0212695801
:103ADC00D268216422651A0105EB0313AA58DB682E
:103AEC006264636511680B43136000287ED0002E5E
:103AFC0067D1B8F1000F7FF435AFA06A00283FF40E
:103B0C0052AFA16D03F024FC59E7616C606D0B683A
:103B1C00626A03430B60002AA4D0D37C002BA1D093
:103B2C00DD0704D5906A4FF0E021C1F800019C0735
:103B3C0004D5D06A4FF0E021C1F80401580704D530
:103B4C00106B4FF0E021C1F80801190704D5506B38
:103B5C004FF0E021C1F80C01DB0683D5926B4FF0DE
:103B6C00E023C3F810217DE7B4F90A30402B7FF431
:103B7C004FAF94F931301225012B14BFCF239F2363
:103B8C0084F8603045E71046059207F0B3F8059AC3
:103B9C00E06200287FF4AEAE65E70FF045FDB8F1AA
:103BAC00000FAAD0DEE6B4F90A30102B7FF430AF48
:103BBC0094F93130012B14BFAF23102384F86030FB
:103BCC0026E703F007FCB8F1000F96D0CAE600BF59
:103BDC00F41F0060F01F0060EC1F0060E81F006025
:103BEC00E01F0060942100601C230020012194F848
:103BFC00330004F015FC012194F8340004F010FC9F
:103C0C0094F93330190105EB03126B58D268A36396
:103C1C0094F93430A2641A0105EB0313AA58D9683D
:103C2C00E263E164136823EA01031360B8F1000F47
:103C3C003FF463AF96E600BFB0F90A300021DA1DFD
:103C4C0048BF03F10E02B0F90830C06AD21003FB72
:103C5C0002F208F055BF00BF2DE9F0430D020446F7
:103C6C002123806A45F47F0583B00F46164645F044
:103C7C00220563F31F6500286DD0A16D03F068FB6E
:103C8C0033010522694620468DF804300095FFF774
:103C9C0099FD218920460139C9B2FFF7EBFCB4F933
:103CAC000A202589D31DA16A48BF02F10E033201F7
:103CBC00DB1015FB03F5C5F38D03C5F34A1513FB98
:103CCC0007236E1EE26AB6B2D718002950D094F8BA
:103CDC00303040F201185B00A1F82F8181F8A5303B
:103CEC004021A06A03681B6898473DB30136012543
:103CFC003E4408E0ADB2A06A17F8011B03681B68CC
:103D0C009847B7421AD0882D05F10105F2D101214F
:103D1C00A06A03F051F994F83030A26A40215B009C
:103D2C000225A2F82F8182F8A530A06A03681B68CF
:103D3C0098474B494B4802F099F9DCE70121A06AFE
:103D4C0003F03AF9A06A002852D0E16D03F000FBB1
:103D5C0003B0BDE8F083606A18B1D4E91912FFF71B
:103D6C0009F9626C616D136823EA0103136087E73C
:103D7C00226C216D13680B431360002D38D0731C1B
:103D8C00BE46D4F82490FA181EF8017BB9F1000F46
:103D9C000CD0D9F800104F66CB6D13F4F81FFBD084
:103DAC0096454B6F26D01EF8017BF4E7D4E90EC381
:103DBC0008258020DCF800800742A16C4FEA5000F7
:103DCC0014BF48EA010128EA0101013DCCF80010BA
:103DDC001968E66C41EA060119601968E66C21EA7B
:103DEC0006011960E6D1964504D01EF8017BDFE789
:103DFC00D4F82490626C616D13680B431360B9F1B5
:103E0C00000FA5D099F81330002BA1D0DC0705D5F5
:103E1C00D9F828104FF0E022C2F80011980705D508
:103E2C00D9F82C104FF0E022C2F80411590705D52F
:103E3C00D9F830104FF0E022C2F808111A0705D556
:103E4C00D9F834104FF0E022C2F80C11DB067FF5E4
:103E5C007FAFD9F838204FF0E023C3F8102177E773
:103E6C0008080020FC47002090F8A23090F8A3200E
:103E7C009A4205D95A1C034480F8A220987E7047B8
:103E8C004FF0FF30704700BFF0B5446985B006466F
:103E9C0014B301233C22022120460093FFF712FDAC
:103EAC00A8B100271549164803F052FAFDB20024B8
:103EBC00E2B2013429467069FFF7CEFE082CF7D127
:103ECC000137042FF2D10F4BF36005B0F0BD0E4952
:103EDC000E4802F0CBF8E4E76C2004F071FE0C4ABB
:103EEC000C4B04468021CDE901324FF0FF320A4BD6
:103EFC0000922022FFF794FB7461CAE740420F0046
:103F0C00902E00205008002020080020FC470020A4
:103F1C00A0860100801A0600D02F002000000000AF
:103F2C002DE9F047824C8CB0036994ED006A0133A3
:103F3C000278B8EE466B03619FED795B86EE057BEC
:103F4C00B7EEC77B80ED017A8AB17A492368226883
:103F5C00A1FB0353A1FB02127749DB08C2F3C30296
:103F6C0001FB03F39246B3F1553F03D912B10CB0E8
:103F7C00BDE8F08705464069FFF75EFE4FF400236D
:103F8C00686902216D4E4FF0011703614FF0000973
:103F9C0002F006FF6B696A4A28215F6105F118007F
:103FAC00B36806EB830CDCF88C60009608F018FC08
:103FBC006B6905F1180085F822900B9308F040FF0F
:103FCC000B9B024605F118015C4ED3F800C0184655
:103FDC00DCF8043098470121686902F0E1FE23689F
:103FEC0058495A0996ED006A306FA1FB02125649E6
:103FFC00B7EEC66AD20901FB1233544A07EE103AE7
:10400C00534B92F8D510B8EEC77ADB6A9FED464B4E
:10401C00B7EEC77A002B4F4BCCBF6924492487EEEF
:10402C00045B1A7D93F815C0002A6B690CBF4D22F6
:10403C006D22BCF1000F4FF4C01C5F61C3F810C0BF
:10404C000CBF4D236D23002908904FF028010593D8
:10405C0014BF752355230694049205F168003E4A5B
:10406C0007938DED026B8DED005B08F0B9FB6C696D
:10407C0005F1680085F88F9008F0E2FE236802468F
:10408C0005F168015B6820469847204603F030FE36
:10409C006C6905F140010023084623610B9108F07F
:1040AC00CFFE236802460B9920465B689847204652
:1040BC0003F01EFE6869BAF1000F11D095F890203C
:1040CC000321FFF7C9FDD5F8903001335A4203F0B4
:1040DC00070302F0070258BF5342C5F8903046E779
:1040EC00D5F8982095F89410531CD2B2C5F8983096
:1040FC00FFF7B2FDD5F89830072B7FF738AFD5F81E
:10410C009420164B0132C5F898A083FB0213A3EB45
:10411C00E27303EB4303D21AC5F8942027E700BFE0
:10412C000000000000408F400000000000005940DB
:10413C00F0470020CDCCCCCCABAAAAAA503E002094
:10414C0028120020C55A7C0AA0860100FC470020DA
:10415C00D03D0020B8460020840800205655555507
:10416C0010B527220446403008F0B2FD002384F835
:10417C00673010BD094B012000210022DFF820C060
:10418C001870002059600021DA60C3F808C05A6129
:10419C00C3F89820C3E92401704700BF003D0020FC
:1041AC00A00800202DE9F04F9FB0002955D0914672
:1041BC00B9F1000F3DDD00254B1E0DF10808AB4693
:1041CC0001935B462B4A6E21404608F009FB4046A2
:1041DC0008F036FE019B05F1200A04465F1908EB36
:1041EC00000601E0554527D0C4F16E0117F8013FD8
:1041FC00214A3046013508F0F3FA304608F020FE2B
:10420C004D45044408EB0406ECDB0DEB04030A22D9
:10421C0041461A481A720023737001F027FF6A2C6A
:10422C0007DD17490BF1010B144801F01FFF4D4539
:10423C00C7DB1FB0BDE8F08F0DEB04035C224146D9
:10424C000E481A724FF00A03A6F8013001F00EFF67
:10425C006A2CE6DC0BF1010BB3E7416931B9094972
:10426C0006481FB0BDE8F04F01F000BFD0F8209019
:10427C009EE700BF3409002040090020FC470020C5
:10428C00480900200009002000B5C1B00B490C48BA
:10429C0001F0ECFE0B4AFA2101A808F0A1FA01A9E1
:1042AC00074801F0E3FE084AFA2101A808F098FA41
:1042BC0001A9034801F0DAFE41B000BD64090020F9
:1042CC00FC4700208C090020C009002038B5037F72
:1042DC0004465BB143690BB1426899506368226A2A
:1042EC00043393426360C8BF236238BD0D4604F0AB
:1042FC0097F90028FBD02946606804F015FBEDE720
:10430C0038B5037F04465BB143690BB142689954DD
:10431C006368226A013393426360C8BF236238BD6D
:10432C000D4604F07DF90028FBD02946606804F0A6
:10433C004BFAEDE738B5037F04465BB143690BB12B
:10434C00426899526368226A023393426360C8BF21
:10435C00236238BD0D4604F063F90028FBD02946D2
:10436C00606804F0D1FAEDE7017F0246436829B199
:10437C00406900B1C05804335360704700B583B036
:10438C0001901846009304F035F9DDE9003204334E
:10439C00536003B000BD00BF017F0246436829B1E2
:1043AC00406900B1C05C01335360704700B583B005
:1043BC0001901846009304F0C9F8DDE9003201338E
:1043CC00536003B000BD00BF017F0246436829B1B2
:1043DC00406900B1C05A02335360704700B583B0D6
:1043EC0001901846009304F0F9F8DDE9003202332D
:1043FC00536003B000BD00BFF0B50423214D9DB048
:10440C000F464360044603620177296FFFF75EFF96
:10441C00284601F0E5FD1C4800F0BEFD1B4800F0ED
:10442C00BFF91B4801F0B0FA002166686160AB6807
:10443C00013B952B0FD903AD2046FFF747FF154ADB
:10444C006421284608F0CCF929466660124801F030
:10445C000DFE1DB0F0BD31462046FFF737FF41F28F
:10446C00BC0203AD334600922FB10C4A642128469E
:10447C0008F0B6F9E8E70A4A6421284608F0B0F9D2
:10448C00E2E700BF503E0020D03D002068440020F1
:10449C00B8460020F0090020FC470020240A002028
:1044AC00500A0020002310B504469EB001774360EB
:1044BC0021B1426982B3D2E9003009E0084604F028
:1044CC0099F8042203906260104604F093F8039B61
:1044DC000822C4E9000223B322699A4221D909288F
:1044EC001FD91948039301F02FFD17488268013A30
:1044FC00952A22D8154800F065FD154800F07CF986
:10450C00144801F043FA134801F062F96068039B08
:10451C00984210D0104A05E002600821134610465C
:10452C0061600E4A6421009005A808F059F905A9AC
:10453C000B4801F09BFD1EB010BD0A4908481EB087
:10454C00BDE8104001F092BD503E0020D03D00204F
:10455C0068440020B8460020C80A00207C0A0020CD
:10456C00FC470020040B002010B50A78ADF6080DAE
:10457C000B460446652A0AD005221949184608F04C
:10458C006BFB0246D8B100200DF6080D10BD497822
:10459C0065290BD0652AEFD15A78652AECD1997828
:1045AC007739E9D12046FFF727FF04E09978723973
:1045BC00F0D1FFF777FF01200DF6080D10BD02AB0F
:1045CC00012120466260636122620192FFF714FFB1
:1045DC00019A20461146FFF7E5FD019A6261EAE770
:1045EC00340B0020064B002206484FF480511A6011
:1045FC0019619A611A775A61C3E90202704700BFC8
:10460C00A03D0020D008002010B5042204461F490C
:10461C001D2004F0A1F904221D491F2004F09CF96F
:10462C0004221C491C2004F097F904221A491E206C
:10463C0004F092F9194BD3F8D801D3F8C8110268D9
:10464C00D3F8F8C142F4803202600A68D3F8E8016A
:10465C0042F480320A604FF0E021DCF80030104A5E
:10466C0043F48033CCF80030036843F480330360A8
:10467C00D1F8FC3D43F08073C1F8FC3D1368094947
:10468C0043F001031360C4F8F41110BD852700003A
:10469C00A5270000C5270000E52700001C230020EB
:1046AC00001000E03C0B002010B50446CEB01049C1
:1046BC00104801F0DBFCB4F858310F4A4FF49671F6
:1046CC0003A808F08DF803A90A4801F0CFFC94F870
:1046DC005B1194F85A3103A8084A00914FF4967173
:1046EC0008F07EF803A9034801F0C0FC4EB010BDE1
:1046FC00700B0020FC470020900B0020D80B0020F2
:10470C0030B50C4683B0054605222349204608F0F7
:10471C00A3FA08B305222149204608F09DFA10B1EE
:10472C00002003B030BD601D0A2201A9019008F0E1
:10473C0047F8031E4FF00A0201A9019818BF012384
:10474C0085F85A3108F03CF8003818BF012085F87C
:10475C005B01012003B030BD601D0A2201A901904C
:10476C0008F02EF880B2012838BF012007EE900A1D
:10477C00A5F858019FED065BB8EEE76B85EE067B5E
:10478C00B7EEC77B85ED587AE3E700BFAFF3008047
:10479C00182D4454FB211940540C00205C0C0020B3
:1047AC002DE9F041804643F2CC36124898F85B1163
:1047BC0008F5B27798F85A3108F5F27843EA4101D6
:1047CC00FFF7B8FD3D46002403E001340435102CFE
:1047DC000BD026FA04F3DB07F7D50134296805481A
:1047EC000435FFF773FD102CF3D14037B845E9D1F0
:1047FC00BDE8F081A03D00202DE9F04104461548AC
:10480C00FFF7E2FD43F2CC3600F0010304F5B2777A
:10481C00C0F3400004F5F27884F85A3184F85B0157
:10482C003D46002403E001340435102C0CD026FA4C
:10483C0004F3DB07F7D501340648FFF795FD043583
:10484C00102C45F8040CF2D140374745E8D1BDE8AF
:10485C00F08100BFA03D00202DE9F04FCC4B054668
:10486C008DB0B1EE005AD3F804A00020D5F8F0209A
:10487C002E4695F85A3105F58A7ED5ED584A08AC86
:10488C000693531C24EE855ACDF804A003F00103C3
:10489C009FEDC36ADFEDC35A0AAF48BF5B4205F117
:1048AC00340C05F1100A0A90C5F8F03005F14C03F0
:1048BC000B9003EB02190795CDE90800CDE9020036
:1048CC00CDE9040EACF110034946B346A64651F8A7
:1048DC00042F43F8042F002A40F0ED809A666345BC
:1048EC00F5D157F8043B744604985E46002BDDF86E
:1048FC0014E040F3598107EE903AD4ED003AB6EE4D
:10490C00002B0CF1BC08F8EEE76ADDED017ADDE96D
:10491C00022383EEA64A9A1A06EE903A03EE102A68
:10492C00B8EE677BB8EE433BA3EE027BB8EE663B7A
:10493C008EED004A37EE437BBCEEC77BB8EE477A70
:10494C00C7EE257ACEED067A00210B460A4658F8BA
:10495C00045F954288BF194603F1010388BF2A46BC
:10496C00042BF4D100250CF1C00B00902B46A8466B
:10497C00994207D05BF82300404588BF1D4640454F
:10498C0088BF80460133042BF2D1019BA2EB0808AF
:10499C0000989A1A069B9BB107EE908AB6EE003BE4
:1049AC00B8EEE72B07EE902AB8EEE77BA2EE037B7E
:1049BC00BCEEC77BB8EE477AC7EE257ACEED067A09
:1049CC00744B9A4200F2A880B8F1000F40F3A48017
:1049DC00714B4344934280F2C08007EE902ADFED86
:1049EC00716A9AF80030F8EEE77A87EEA67AC4EE90
:1049FC00877ACEED027A002B00F097800023F1EE3F
:104A0C00677ACEED027A07EE901A0422F8EEE76A86
:104A1C0007EE905A11FB0255079AB8EEE77AC6EDED
:104A2C00596AF0EE007A05EB001586ED5A7ADEED48
:104A3C00006A02EB8505B0EEE64A95ED597AB4EEC4
:104A4C00E74AF1EE10FACCBF01220022B2B1ABB1B1
:104A5C009EED024AB7EEC77A36EEC44A9FED481B6C
:104A6C0084EE263A9FED482BB7EEC33A23EE013B7A
:104A7C00A7EE023BB7EEC37B85ED597AF7EE006AE1
:104A8C00DEED027A431C40360AF1010A043437EE9B
:104A9C00267A022B0CF1100C09F120090EF1040EF0
:104AAC004FF0010067EE877ACEED037A7FF408AF02
:104ABC000DB0BDE8F08F0C6EB0EE467AD3F8CC603A
:104ACC003868A51B009005F1FF383448804514D890
:104ADC0007EE905A65EE256A0098F8EEE77A86EEB6
:104AEC00A77A07EE902AF8EEE77A27EE277A83ED7D
:104AFC00437A00B10EB1CDE90264DEED007A009884
:104B0C0077EE877A9A6601300022C3F8CC400A60AF
:104B1C003860CEED007AE2E6F0EE467A9AF8003094
:104B2C00CEED027A002B7FF469AF4FF0040307EE51
:104B3C00901A079A11FB0353B8EEE77A07EE905AD6
:104B4C0003EB0013F8EEE77A86ED597A02EB830358
:104B5C00C6ED5A7A93ED597A90E707EE908ADFED1D
:104B6C00116A9AF80030F8EEE77A87EEA67AC4EE6E
:104B7C00877ACEED027A002B7FF441AF012342E716
:104B8C009A9999999999A93F666666666666EE3F09
:104B9C00001000E0000E2707804F1200FEA2E1116A
:104BAC0000000000180D0F4E0CF1BC0801230CF195
:104BBC00CC05DDF804B0414651F8042FABEB0202F2
:104BCC009342B8BF1346A942F6D107EE903AB0EE25
:104BDC00007AB8EEE74A5FED0D7AC4EE276AC5EEAF
:104BEC00267AF4EEC77AF1EE10FA01D55FED147A5D
:104BFC009EED007AF0EEC76AF4EEE76AF1EE10FA79
:104C0C0006DDB5EEC07AF1EE10FA10DDCEED007ACD
:104C1C00002B5FED1C6AB8BF01335B1007EE903AB6
:104C2C00F8EEE77A87EEA67A8EED067A8CE6F1EE50
:104C3C00677AEBE71F4BD0ED795A5A68D0F8EC3114
:104C4C0090ED7A6AD31A9FED1C7ADFED1C6A07EEA1
:104C5C00903AF8EE677A00B567EEA57A83B0C0F8A3
:104C6C00EC210190E6EE077A87EEA67A80ED7A7A4F
:104C7C00FFF7F2FD019890F85A3163B190F85B316F
:104C8C005BB1D0ED497AD0F82831F1EE677AC0F8F3
:104C9C001831C0ED457A03B000BDD0ED477AD0F89D
:104CAC002031F1EE677AC0F81831C0ED457A03B0C7
:104CBC0000BD00BF001000E000004442000048426C
:104CCC003E4B5B6870B51E4610F82130154600EB64
:104CDC00810E362B57D8DFF8E8C01A010CEB031302
:104CEC005CF80220DB6892681A4214BF4FF0010C8A
:104CFC004FF0000C9EF80830362B40D8304A1C017F
:104D0C0002EB03131259DB6892681A4214BF012399
:104D1C00002325BB421883EA0C0C82F810C092F8D1
:104D2C00FEC182F8FE319C4533D0C3F1030392F8E7
:104D3C0010C0D0F8F02002EB410203EB820300EB31
:104D4C008300DEF82030026DBCF1000F1ED0013B59
:104D5C00013A0265CEF82030C0F8B06070BDA3EB0C
:104D6C000C034218B3FA83F35B09137492F8FC3109
:104D7C0082F8FCC1634516D08CF00103D7E7002301
:104D8C00002DC7D0EBE74FF0000CB3E70133013235
:104D9C00DFE703EB410300EB8303D3F8102201326E
:104DAC00C3F8102270BD0CEB410C00EB8C0CDCF842
:104DBC0000320133CCF8003270BD00BF001000E0AF
:104DCC001C23002006480122002108B5FFF778FFBC
:104DDC000348D0F854310133C0F8543108BD00BF3A
:104DEC006844002001220648114608B5FFF768FF09
:104DFC000348D0F854310B44C0F8543108BD00BFFF
:104E0C00684400200022064808B51146FFF758FFF9
:104E1C000348D0F854310133C0F8543108BD00BFF9
:104E2C006844002006480121002208B5FFF748FF1E
:104E3C000348D0F854310B44C0F8543108BD00BFBE
:104E4C006844002038B5194B0025194C802293E892
:104E5C000300C4F8F050C4F82C51C4F83051C4F815
:104E6C005C5184E80300D3E90201124BC4E902014E
:104E7C00302104F5B270C4F86031C4E955512946AB
:104E8C0007F03EFE0C490D4A0D4BC4F8E411C4F872
:104E9C00EC51C4F8E821C4E97C35C4E98055C4E977
:104EAC008255C4E98455C4E9865538BD9803002061
:104EBC0068440020920A063E0E74DA3A00007A44E6
:104ECC00640C002070B5054682B0144800260EF024
:104EDC00ABFB1349114802F03BFA104905F14800AD
:104EEC0002F010FC0DF1070105F148008DF8076088
:104EFC0002F00AFC30B10B490B4801F0B7F8EE6236
:104F0C0002B070BD05F14800082102F013FC10211D
:104F1C0005F1480002F08CFC02B070BD902E002010
:104F2C0040420F00940C0020FC47002000B583B0D9
:104F3C000190FFF7C7FF024B0198836303B000BDDC
:104F4C00C40C002010B5052204460846044907F09D
:104F5C0083FE18B903460120237110BD002010BD3B
:104F6C00F40C002010B50446CCB00849084801F0F8
:104F7C007DF82379074A4FF4967101A807F030FCAD
:104F8C0001A9034801F072F84CB010BDFC0C0020D4
:104F9C00FC470020100D002010B5044601210848E4
:104FAC00FFF7AEF9E16B0648FFF790F9216C044866
:104FBC00FFF78CF9616C0248BDE81040FFF786B929
:104FCC00A03D002010B504460948FFF7E5F9084854
:104FDC00FFF7CAF903460648E363FFF7C5F9034632
:104FEC0003482364FFF7C0F901236064237110BDEB
:104FFC00A03D002000000000D0ED1F7AF1EE006A09
:10500C00D0ED050AB8EEE77B90ED070AF1EE600AE9
:10501C009FED575B00B527EE057B2DED028B83B022
:10502C00B7EEC77B019077EE667A77EE266AF1EEE3
:10503C00677A87EE268AC7EEA68A05F0D5FA01981C
:10504C0090ED035AD0ED086AB7EEC55A90ED0C6A94
:10505C00B5EEC00A80ED090A9FED477B9FED484BEA
:10506C00F1EE10FA25EE075B68EE262A85EE047B3E
:10507C00B7EEC77B37EE075A80ED0A7A70EE056AF9
:10508C0028EE267A56DDB7EEC64A9FED3F3BB4EECE
:10509C00C34BF1EE10FA3CD4A8EE867A37EE227AA6
:1050AC00B7EEC73A9FED344BB4EEC43BF1EE10FAB9
:1050BC0017DDB7EEC06AB7EEC55A9FED357B36EEFD
:1050CC00476B33EE477B36EE056BB7EEC77BF7EEDF
:1050DC00C66BC0ED086A80ED0C7A03B0BDEC028B98
:1050EC0000BD9FED2D4BB4EEC43BF1EE10FAF0D5A4
:1050FC00B7EEC06AB7EEC55A9FED257B36EE076B4F
:10510C0033EE077B36EE056BB7EEC77BF7EEC66B5F
:10511C00DFE7B7EEE23AB7EEE81AB7EEC77A9FEDE3
:10512C001C2B34EE024BA1EE047B37EE037BB7EE67
:10513C00C77BB5E7B0D5B7EEC64A9FED193BB4EEC9
:10514C00C34BF1EE10FAA7DDB7EEE23AB7EEE81A70
:10515C00B7EEC77A9FED0E2B34EE424BA1EE047BDB
:10516C0037EE037BB7EEC77B9AE700BFAFF3008047
:10517C008DEDB5A0F7C6B03E182D4454FB21094067
:10518C000000000000806640182D4454FB21F9BF3C
:10519C00182D4454FB211940182D4454FB2109C0EF
:1051AC00182D4454FB21F93F836FC26A0133002A46
:1051BC00836700DC704730B504462DED028BADB033
:1051CC0003F0E2F8636F6067C31A04F14800E36709
:1051DC0002F0EAFA002854D004F1480002F066FB11
:1051EC0040BB237904F1480073BB02F06DFB04F162
:1051FC00480084ED020A02F079FB04F1480084EDCA
:10520C00030A02F085FBA26F236884ED040A9A421C
:10521C004ED20023E36323646364E36A092B01DC4D
:10522C000133E36220462DB0BDEC028BBDE830406B
:10523C00FFF7E2BEE36A013BE362002BF2D1544973
:10524C00544800F013FFEDE702F03EFBD4ED0F7A6B
:10525C0004F1480030EE670A84ED020A02F046FBC6
:10526C00D4ED107A04F1480030EE670A84ED030A9D
:10527C0002F04EFBD4ED117A30EE670A84ED040A8D
:10528C00CBE704F1480002F09DFA04F14800B0EEBF
:10529C00408A02F0A9FAF0EE408A04F1480002F0CC
:1052AC00B5FA84ED070A84ED058AC4ED068A93E706
:1052BC0003F57A718A424CD8D31A3748D4ED0F7A59
:1052CC00D4ED106A03FB00F094ED117A94ED026AB0
:1052DC00D4ED035A37EE007ADFF8CCC076EE277A9D
:1052EC0076EEA56ABCEBB00F84ED117AC4ED0F7AA3
:1052FC00C4ED106A30D28A428FD1D4ED0F6A0123EB
:10530C0094ED107A9621D4ED115A06A8DFED237A8C
:10531C00237186EEA76A224AC7EE276A85EEA77A22
:10532C00B7EEC63A84ED0F6AB7EEE65AC4ED106AD2
:10533C00B7EEC74A84ED117A8DED003B8DED044B31
:10534C008DED025B07F04CFA06A9124800F08EFEB8
:10535C0063E70A32226060E707EE103AB7EEC66ADE
:10536C00104A9621F8EE475A06A88DED006B87EE91
:10537C00A57AB7EEC77A8DED027B07F031FA06A954
:10538C00044800F073FE2168A26F01F57A71B2E750
:10539C009C0D0020FC470020295C8FC200007A4441
:1053AC00780D0020480D0020285C8F0270B5104C41
:1053BC0000254FF47A760A2123460022A56004F1D9
:1053CC00480043F8086BE1626821E56122622263C0
:1053DC006564C3E90155074BC4E90555C4E90D35AE
:1053EC00C4E90F5502F084F9E667C4E91D5570BD98
:1053FC00D03D0020E80D002000B5034683B0D9B99C
:10540C008C465A720121032083F808C0019303F0E3
:10541C0007F80121022003F003F8174A019B4FF013
:10542C00200C10200121C2F888C0C2F888005A7ADA
:10543C0019854AB103B000BD017AD9B901201961AF
:10544C005A721872002AF5D101210520019302F03D
:10545C00E7FF0121042002F0E3FF074A4FF4807CB0
:10546C0040200121019BC2F888C0C2F888005985F0
:10547C0003B000BD4272DCE700C00042836B002920
:10548C0030B5044683B01D4678DDC36B0B44002A4F
:10549C0023847ADD236C13446384CB43DB0FA38416
:1054AC00D343DB0FE384B4F928305BBB9942019200
:1054BC004FF0010153DC70D0022002F0B1FF474BDA
:1054CC0010210320C3F88410B4F92010294403F0F0
:1054DC00A9FC019AB4F92A301BBB9A424FF0010186
:1054EC002CDC6AD0042002F09BFFB4F922103B4B59
:1054FC00402205202944C3F8842003B0BDE8304085
:10550C0003F090BC0029E5D0344B2021C3F8841063
:10551C001021C3F8841000232385B4F92A30002B02
:10552C00DBD04AB12D4B4FF4807040210022C3F8E0
:10553C008400C3F88410628503B030BD052002F0EE
:10554C006FFFB4F92210254B4FF480720420691AB6
:10555C00C3F8842003B0BDE8304003F063BC0320E3
:10556C0002F05EFF1D4B20210220C3F88410B4F919
:10557C002010691A03F056FC019AABE709D0C36BF3
:10558C00002AA1EB0303238484DC04D0236CD31AFC
:10559C0082E70B467BE713467EE7032002F040FFD1
:1055AC000121022002F03CFF0C4B2021019AC3F890
:1055BC0084101021C3F884108CE7052002F030FF12
:1055CC000121042002F02CFF044B4FF48071402287
:1055DC00C3F88410C3F8842003B030BD00C000426F
:1055EC00454AB1EE067A0346D2ED007AF4EEC77A5C
:1055FC0000B5F1EE10FA83B042D4B7EE007A77EE34
:10560C00C77A93ED0E7A1A69B8EEC77AB2F5FA7FBB
:10561C00C7EE276A02DD1A7A002A52D1D3ED007A3E
:10562C009FED314BB7EEE75AB4EEC45BF1EE10FAD6
:10563C0035DD9FED327A77EE877A93ED017A9FED27
:10564C002A4BB7EEC75AB4EEC45BF1EE10FA1ADD72
:10565C009FED2A6A37EE067A27EE267A184667EE11
:10566C00A67ABDEEC77AFDEEE77A17EE103A1AB2BB
:10567C0017EE903A19B203B05DF804EBFFF7FEBEDB
:10568C00DFED1F7ABDE79FED1A4BB4EEC45BF1EE74
:10569C0010FA13D59FED196A37EE467ADCE79FEDC9
:1056AC00144BB4EEC45BF1EE10FA04D59FED137AF3
:1056BC0077EEC77AC1E7DFED137ABEE79FED117A7B
:1056CC00CAE700221846CDED016A11460093FFF798
:1056DC0093FE0D490D4800F0C9FCDDED016A009BFD
:1056EC009CE700BFAFF30080FCA9F1D24D62503FA4
:1056FC00FCA9F1D24D6250BF503E0020CDCCCC3E27
:10570C009A99214100000000140E0020FC47002053
:10571C0010B5CCB004461249124800F0A7FC124A4E
:10572C004FF4967101A807F05BF801A90D4800F041
:10573C009DFCE3680D4A4FF4967101A807F050F8F0
:10574C0001A9084800F092FC094A4FF4967101A88F
:10575C0007F046F801A9034800F088FC4CB010BDD6
:10576C00540E0020FC470020680E0020B00E0020D4
:10577C00F00E0020144B994210B504461EDC07EEC7
:10578C00901AB8EEE70AE160032003F0AFFBD4ED0A
:10579C00037A0220B8EEE70A03F0A8FBD4ED037AF3
:1057AC000520B8EEE70A03F0A1FB94ED030A0420F0
:1057BC00B8EEC00ABDE8104003F098BB9FED030A99
:1057CC004FF6E851DFE700BFF049020000E87D47E3
:1057DC0010B504460C2003F075FC237A03B9236141
:1057EC0040F2011301210320238102F019FE012153
:1057FC00052002F015FE0121022002F011FE01210C
:10580C00042002F00DFE002220461146FFF736FE62
:10581C00E1682046FFF7AEFF002220461146FFF755
:10582C002DFE636B024A0133E261636310BD00BF5E
:10583C00200F00200000000030B50C46A7B0054634
:10584C0004224549204607F007FAF0B107224349E4
:10585C00204607F001FA48B104224149204607F0DE
:10586C00FBF900286DD0002027B030BD01460A227C
:10587C00E01D06F0A5FF014628466429B8BF642147
:10588C00FFF778FF012027B030BD0590201D07A938
:10589C00079006F0A1FE07A907988DED040A06F003
:1058AC009BFEDDED047A85ED010AB0EEE77AC5EDDD
:1058BC00007A9FED276BB7EEC77AB4EEC67BF1EE9C
:1058CC0010FA09D5B0EEC00A059AB7EEC00AB4EECC
:1058DC00C60BF1EE10FA2FD42B7A5BB340F2011306
:1058EC002B812846FFF77CFE95ED016A95ED007A39
:1058FC007821B7EEC66A1B4AB7EEC77A08A88DEDB9
:10590C00026B8DED007B06F06BFF08A9164800F0CA
:10591C00ADFBA86BB5F92210B5F92030134ACDE9CF
:10592C000010782108A806F05BFF08A90E4800F0CB
:10593C009DFBA7E72B61D1E711462846FFF75CFDDD
:10594C00CFE79FED0B0AFDF7ADF89BE7AFF30080B7
:10595C007B14AE47E17A843F500F0020A00F00204B
:10596C00A80F0020580F0020FC470020800F0020BB
:10597C000AD7A33C00B583B00190FFF731FE019824
:10598C000389838203B000BD704700BF704700BF1E
:10599C00094B40F201110022DFF824C0074899821C
:1059AC004FF480511A81C3F80CC0C3E90602C3E955
:1059BC000D21C3E90F227047B8460020B00F00201C
:1059CC00A0090100012138B50446084602F028FD63
:1059DC0000254FF08443042204F130010F48C3F832
:1059EC00842084F8E852FEF7BBFB2946252002F000
:1059FC0017FD0121284602F013FD29460848FEF741
:105A0C0051FD0648FEF740FA064BD4F88800636057
:105A1C0002F0A6FA044BC4F8843038BD003D0020D7
:105A2C00A03D002066669E3BE00F002010B5A6B09E
:105A3C00044600F13003364A9621684606F0D0FE43
:105A4C006946344800F012FB3349324800F00EFB33
:105A5C00A368324A9621684606F0C2FE69462D4874
:105A6C0000F004FBE3682E4A9621684606F0B8FE67
:105A7C006946284800F0FAFA2A4A9621684606F048
:105A8C00AFFE6946234800F0F1FA236F264A9621AF
:105A9C00684606F0A5FE69461E4800F0E7FA94F841
:105AAC00E832224A962183F00103684606F098FEFC
:105ABC006946184800F0DAFA1D4A9621684606F045
:105ACC008FFE6946134800F0D1FA1A4A96216846AF
:105ADC0006F086FE69460F4800F0C8FA164A962171
:105AEC00684606F07DFE69460A4800F0BFFA094890
:105AFC0000F0D4FA1148FFF70BFE1148FEF7D4FD65
:105B0C001048FFF72FFA1048FEF7BEFB26B010BD69
:105B1C0010100020FC4700203410002050100020F2
:105B2C008C100020C4100020F41000202411002040
:105B3C00501100207011002088110020B846002060
:105B4C0068440020D03D0020A03D002030B50C461C
:105B5C009FB0054607226B49204607F07DF80028C8
:105B6C0067D005226849204607F076F8002856D001
:105B7C0006226649204607F06FF8002800F0928054
:105B8C0006226349204607F067F80346002800F018
:105B9C00908005225F49204607F05EF8002855D01A
:105BAC0004225D49204607F057F8002800F0988041
:105BBC0007225A49204607F04FF8002800F094803D
:105BCC0023786C2B00F0818021465548FFF734FE7A
:105BDC0058BB21465348FFF7B5F930BB2146524814
:105BEC00FEF78EFD08BB2146504800F081FAE0B963
:105BFC0021464F48FEF7B8FCB8B90E224D49039028
:105C0C004D4804F053F8204607F01AF90146204697
:105C1C0004F08AFB484802F06BF8039B06E005236E
:105C2C00464942486B6700F021FA012318461FB021
:105C3C0030BD014603900A22E01D06F0C1FD039918
:105C4C00962894BF03460B46AB60EEE705340A2258
:105C5C0005A9204606F0B4FD059B4FF08442A342F3
:105C6C0010D000280EDC012304203549C2F888002E
:105C7C00344885F8E832FEF773FA33492B4800F0C4
:105C8C00F5F9D2E70023042005F13001C2F88400B5
:105C9C002C4885F8E832FEF763FA2C49234800F0CB
:105CAC00E5F9C2E701460A22A01D06F089FDE8606D
:105CBC00BBE7274A3220C2F8403102F00FFB4FF00D
:105CCC00E023244AC3F80C2DAFE763786F2B7FF4E5
:105CDC007BAFA378672B7FF477AFFCF775FDA4E758
:105CEC002846FFF7A3FEA0E705F150002B6F1A4AD8
:105CFC006421009005A806F073FD05A90B4800F07F
:105D0C00B5F992E7AC110020B4110020CC110020A1
:105D1C00D4110020DC1100201012002018120020D9
:105D2C00B8460020D03D002068440020FC470020ED
:105D3C00A03D002030120020802E0020BC1100203D
:105D4C00F4110020003D002000120020E41100207E
:105D5C0000002E400400FA0520120020F1B110B50D
:105D6C0082B00446C81D202106F00EFF019098B1A8
:105D7C000A2201A906F024FD236F83420CDA019953
:105D8C0051B101312067162204F15000019106F047
:105D9C009FFF002384F8663002B010BD0149024811
:105DAC0000F064B940120020FC4700200123D0F819
:105DBC00801070B50446ACB02A4D0367FFF7CEFFD8
:105DCC00D4F884102046284EFFF7C8FF2046D5F89B
:105DDC00F011FFF7C3FFD5F8F411244D2046FFF75F
:105DEC00BDFF2046696BFFF7B9FFA96B204D20461C
:105DFC00FFF7B4FF2046D5F8D810FFF7AFFFD5F862
:105E0C00DC102046FFF7AAFF2046B169FFF7A6FF7A
:105E1C00F169184E2046FFF7A1FF2046B168FFF745
:105E2C009DFFF1682046FFF799FF94ED007AA36877
:105E3C0004F11002B7EEC77A216F04EB830406A8B5
:105E4C00CDE901218DED047BD4F88C2096210092B4
:105E5C00094A06F0C5FC06A9284600F007F92CB043
:105E6C0070BD00BF68440020B8460020D03D002023
:105E7C00FC470020003D002068120020C36F142B4B
:105E8C0010B5044653D02B4A4FF47A712A4B126842
:105E9C00A3FB02039B0901FB13224FF08443092A45
:105EAC004FF0080227D8C3F88420292001F0FEFF08
:105EBC0007EE900AD4ED016AF8EEE77A94ED1E7ABB
:105ECC0067EEA67AF4EEC77AC4ED007AF1EE10FA1A
:105EDC0006D5B1EE0A7AF4EEC77AF1EE10FA0DDCC3
:105EEC000023C4F8EC32636F0BB1013B6367E36FC3
:105EFC000133E36710BDC3F88820D6E7D4F8EC3241
:105F0C0042F2107201339342C4F8EC32EBDD012300
:105F1C004FF0844204200949C2F8880084F8E83222
:105F2C000748FEF71DF9074BC4F8EC32DBE7FFF727
:105F3C003DFFA8E7F0470020D34D6210F41100207C
:105F4C00003D0020E0FCFFFF10B504461E48FEF7A4
:105F5C003BFA03461C48972B28BF0023A360FEF78F
:105F6C001BFA831FE060042B2CD8DFE803F00B1323
:105F7C001B23030004F1100020221449BDE810403B
:105F8C0006F0A6BE04F1100020221149BDE8104015
:105F9C0006F09EBE04F1100020220E49BDE8104010
:105FAC0006F096BE04F1100020220B49BDE810400B
:105FBC0006F08EBE04F1100020220849BDE8104006
:105FCC0006F086BE10BD00BFA03D0020BC12002014
:105FDC00AC120020B0120020B4120020B812002025
:105FEC0010B5044601890448FEF7A4F9217B024848
:105FFC00BDE81040FEF784B9A03D002038B5002064
:10600C00124C092160220025C4E90201104904F157
:10601C00100002F03BFD002200230E4904F18C001D
:10602C00E567C4F88450C4E91C230B4B0B4AC4F835
:10603C0080300C23A2674FF41772C4F8883002F03A
:10604C0025FD84F8E852C4F8EC5238BD503E0020CF
:10605C00A803002008040020C4120020333323417D
:10606C00014BC0F8DC3070477417002090F8D53025
:10607C00012B00D109B91846704700B583B00190C7
:10608C000846009106F0DCFE0146009804F04CF93D
:10609C00019B93F8D530184603B000BD10B5114CD8
:1060AC00CEB0034694F8D5205AB91B794FF49671AB
:1060BC000D4A03A806F094FB94F8D53043B94EB0C2
:1060CC0010BD01901021094804F02EF9019BECE75A
:1060DC0003A806F0B5FE014603A804F025F94EB05E
:1060EC0010BD00BFFC470020B8170020A4170020EB
:1060FC0030B50C4683B0054604220D49204606F007
:10610C00ABFD48B92379201D1F2B019007D8012323
:10611C0001202B7103B030BD002003B030BD0A222A
:10612C0001A906F04DFB031E18BF0123F0E700BFC9
:10613C00101800202DE9F041054604F08BF8071EDD
:10614C0036DD0026B0461DE0E0B204F0D9F8002C94
:10615C00A4F10A0306F1010623DB752B10D8D5F840
:10616C00D0300D2C18BF0A2C03F1010208BF4FF0E0
:10617C0001082B4418BF4FF00008C5F8D0205C7103
:10618C00B7420ED004F0ACF82B790446002BDED0CD
:10619C00D5F8D030002BD7D10221114804F0C4F827
:1061AC00D2E7D5F8D030C52B0FDCB8F1000F04D1F5
:1061BC004FF000084046BDE8F08100222B444046D9
:1061CC005A71C5F8D020BDE8F0812A21054804F0A9
:1061DC00ABF8054801F08CFD0023C5F8D030E7E79B
:1061EC00181800201C180020802E00200A4BD3F811
:1061FC008431C3F3C01383F0010310B580F8D5309C
:10620C000446FFF797FF00B910BD611D0348BDE8B8
:10621C001040FFF79BBC00BF00002E40503E0020FA
:10622C00074B0022012007491A60C3F8D0201871CF
:10623C00A3F8D42083F8E020C3E93612704700BFDE
:10624C00FC47002048180020704700BFD0F800C061
:10625C0000B5DCF810E0F4465DF804EB604700BFD5
:10626C0000B5D0F800C0BDF804E0CDF804E0DCF8CF
:10627C0038E0F4465DF804EB604700BF00B5D0F899
:10628C0000C0BDF804E0CDF804E0DCF83CE0F446D6
:10629C005DF804EB604700BF704700BF01F0030CD2
:1062AC00C907B0F90820B0F90A3080F81AC002D436
:1062BC008281C3817047194613460A46C381828185
:1062CC00704700BF2DE9F0411C4686B08646D0F8D9
:1062DC0000C0A142BDF93050BDF8343026D0AA42DE
:1062EC0015D0DCF814608046234FBE423AD14046AC
:1062FC00CDE900532346DCF82840A047D8F80030FD
:10630C001D4ADB6A934228D106B0BDE8F081A14258
:10631C001FDD01310C93DCF83C5070460B1B214601
:10632C00AC461BB206B0BDE8F0416047AA420CDD9A
:10633C000C93531CDCF838402A465B1B7046A44671
:10634C001BB206B0BDE8F041604728461546024630
:10635C00EEE720460C460146DBE7404606B0BDE8BA
:10636C00F0411847CDE904230391B047D8F800C099
:10637C000399DDE90423BAE7093C0000D0F800C01A
:10638C00F0B5134D87B0DCF814600446BDF83070DE
:10639C00AE420ED1013B0197009220460B44DCF833
:1063AC0028601BB2B0472368DB6AAB420BD107B045
:1063BC00F0BDCDE904230391B047D4F800C0039994
:1063CC00DDE90423E6E7204607B0BDE8F0401847B6
:1063DC00093C0000D0F800C0F0B5144D87B0DCF8D3
:1063EC0014600446BDF83070AE420FD1013B0197EA
:1063FC00204613441BB200930B46DCF82860B047D0
:10640C002368DB6AAB420BD107B0F0BDCDE90423A6
:10641C000391B047D4F800C00399DDE90423E5E704
:10642C00204607B0BDE8F040184700BF093C00000B
:10643C00D0F800C02DE9F04F90469B46DCF81420B4
:10644C0083B01E4B05460C46BDF930709A42BDF820
:10645C00349029D1A344A3451EDDDFF864A00AE0E3
:10646C000134CDF80090DCF8386024B2B047D5F890
:10647C0000C05C4510DADCF820603B464246214601
:10648C0056452846ECD00134CDF80090B047D5F8ED
:10649C0000C024B25C45EEDBDCF82C30074A93429A
:1064AC0006D103B0BDE8F08F9047D5F800C0D1E716
:1064BC00284603B0BDE8F04F184700BF093C000068
:1064CC00213C00000268B0F90C30B0F90EC010B5D8
:1064DC00146C82B0094A944207D10022CDE900C164
:1064EC001146FFF7A5FF02B010BD00220191CDF8B7
:1064FC0000C01146A04702B010BD00BFF13D000026
:10650C0030B50468094DD4F840E0BDF90CC0BDF8B5
:10651C001040AE45CDE903C403D1BDE83040FFF7D0
:10652C0087BFF446BDE83040604700BFF13D000036
:10653C002DE9F04F1D460368884616462C4983B05A
:10654C005A690446BDF930908A42BDF8347041D185
:10655C00D3F824B03246DFF89CA041460097204681
:10656C00D34508BFD3F83CB02B46D847236809F174
:10657C00FF32D3F824B032440097D34512B231D154
:10658C00D3F83CA041462B462046D04723683246E0
:10659C00DFF864A04146D3F820B020460097D345DD
:1065AC0008BFD3F838B04B46D8472268691E4B4613
:1065BC00156A204641440097554509B208BF956BB2
:1065CC003246A84723680A4ADB6A934205D103B0D6
:1065DC00BDE8F08F90472368BAE7204603B0BDE8CA
:1065EC00F04F18472B4641462046D847CEE700BF10
:1065FC00093C00003D3C0000213C00002DE9F04F1F
:10660C0085B091468046581ABDF938401D46BDF8F4
:10661C003CB0A21A002AB8BF52420028B8BF404270
:10662C00824263DCA4464E46A2464F461C4689462F
:10663C0065463146A1454EDDA942D4BF4FF0FF332C
:10664C000123A9EB040CA7EB0A0A0FFA8CF6002E17
:10665C00B8BF0136BAF1000F4FEA6606B8BFCAF1EF
:10666C00000ACDE90020CDE9023C15E0224A944510
:10667C0028D10F69224629464046B847A6EB0A03A3
:10668C000134029A1EB2AA1824B2002E02DA15B2F4
:10669C00039AD6184C4512DCD8F800105B462A46F3
:1066AC00D1F818C0DDE90007B842DFDC124B9C457D
:1066BC005B460CD10F6940462146B847DEE705B072
:1066CC00BDE8F08F224629464046E047D6E72146F2
:1066DC004046E047D2E72646A9423D464C4657463F
:1066EC00B146AA460D4604DA0123AAE79A460F469C
:1066FC00A0E74FF0FF33A4E70D3C0000002361F34B
:10670C000F03002162F31F434FF0FF324160016120
:10671C0001770162C0E90233024BC0E90523024B49
:10672C000360704701010001C41F00202DE9F04FE8
:10673C0087B09046D0F800C09B46BDF848208146F3
:10674C00DCF814300F4601923D4ABDF9406093428B
:10675C00BDF944406BD1002C4FDD08EB0400002E3A
:10676C0081B200B251DDF31D4FF00005049060467C
:10677C0048BF06F10E03CDF814B0AA46CB46DB1089
:10678C00C1460393059B0024CDF808A0844603EB77
:10679C000A08CA46C14602E00134B44220D023B2F2
:1067AC0014F0070F4FEA450507EB04014FEAE3032A
:1067BC0014BFEDB219F8035009B215F0800FEBD0ED
:1067CC00DCF8188052461F48019B804529D10134C2
:1067DC00DCF810805846C047B442DBF800C0DED16C
:1067EC000AF10102039BDDF808A060460FFA82F95A
:1067FC009A44049B4B45C5D1D946DCF82C30104A41
:10680C00934218D107B0BDE8F08F08F1010308F1ED
:10681C0002089BB20FFA88F89942EED04045F4D1A9
:10682C00EBE7019B5846C047DBF800C0B4E798473C
:10683C00D9F800C08FE7484607B0BDE8F04F1847BD
:10684C00093C00000D3C00002DE9F04F93B082464E
:10685C000291BDF870100D9203919DF87810026AA8
:10686C0008919DF87C10BDF874900591002A00F0F9
:10687C00B980117A5B1A0599D2E900B0DBB2089A9B
:10688C00114300EBC30230F8337092F802800129F7
:10689C00D37892F9050092F906200E9309900F9285
:1068AC0056D80023A24E10930A93DAF800305A6996
:1068BC00B24255D10E9A002A00F08380B8F1000F35
:1068CC007FD008991A46059800254FF0000900233F
:1068DC00012908BF012811960CBF01210021049148
:1068EC0010991E460D98059C494401FB0401002497
:1068FC0009B207910F994118494409B2CDE90B939C
:10690C00069105E001346D00E4B2EDB2A0454CD91E
:10691C0016F0070F06F1010603D17B1C1BF807507C
:10692C009FB22B06EED5049BFBB1029B50460999F6
:10693C00D2F8189059187F4B21449945039B08BFF6
:10694C00D2F8109009B2069AC847DAF80020D9E7B5
:10695C00DAF80030764E10925A690A90B242A9D0F9
:10696C0050469047DAF80030A4E70A9B02981919B0
:10697C00089BD2F81C9001FB03010FFA83FC6E4BB1
:10698C0009B2BDF91400994522D1D2F840906B4B55
:10699C00039A9945009001926346079A50461DD17F
:1069AC00FFF746FDDAF80020ACE7DDE90B930E9912
:1069BC0009F1010C43445FFA8CF9894590D31346D5
:1069CC00119EDB6AB34240F0058113B0BDE8F08F35
:1069DC00039A6346009050460192079AC847DAF82A
:1069EC0000208FE7B0F90C2002998A42EDDDB0F956
:1069FC000E200D9CA242E8DD4FF00602089D15FB0F
:106A0C000212002AE1DD059A04EBC202002ADCDD49
:106A1C00027F474E82F00102AF2B94BF002202F09E
:106A2C0001021A440368D4B25A69B24240F00B8195
:106A3C00029F04EB8404089D7A1D4149BC46BE4666
:106A4C0090B2059A2144CDF81890012D08BF012A67
:106A5C00D146039F8A460CBF4FF0010B4FF0000B41
:106A6C00DDF83480CDF810B093460C900E961AF8E1
:106A7C00016B0FFA8EF2082400250992CDF81CC088
:106A8C00CDE90AEA1AE00499002934D0D3F818A009
:106A9C0018FA85F2274812B2BDF91C1082454846F7
:106AAC0008BFD3F810A03B46D047D9F80030013CC2
:106ABC000135760814F0FF046DB260D0F207E2D411
:106ACC0006988742F3D0049900293BD018FA85F236
:106ADC00D3F818A0BDF91C100FFA82FC154A924588
:106AEC0040F08F80D3F810A0624603464846D0474A
:106AFC00D9F80030DBE71BFB0582D3F81CA0BDF9ED
:106B0C0020100FFA8BF00FFA82FC0B4A924566D1DB
:106B1C00D3F840A06246094B009048469A4501972D
:106B2C000B46099927D1FFF783FCD9F80030BEE753
:106B3C00093C00000D3C0000C13E0000F13D00008E
:106B4C00AC1A00201BFB0582D3F81CA0BDF9201049
:106B5C000FFA8BF00FFA82FC414A924549D1D3F8D7
:106B6C0040A062463F4B009048469A450B4606991A
:106B7C0001910999D7D0D047D9F8003097E7DDF8C3
:106B8C001CC0089A0CF1010CDDE90AEA1FFA8CFC16
:106B9C0096440C9A62457FF46AAFCA46039ADDF8B4
:106BAC001890DDF810B04A450E9E3FF40AAFBBF1C9
:106BBC00000F2DD01C6A50462B4ACDF80090944201
:106BCC00BDF930100D9A08BF9C6B0823A047DAF86A
:106BDC000030F6E6504613B0BDE8F04F18470B46B0
:106BEC0000906246099948460197D047D9F8003081
:106BFC005DE70B460699009062460191484609995B
:106C0C00B9E7069B62464846D047D9F800304EE7B4
:106C1C000899059A0298D500DC6901EB810282186B
:106C2C0008B211B20E4A944211D11C6C0D4B0D9A44
:106C3C009C4203465046CDE900590DD1FFF7F8FBB5
:106C4C00DAF80030BDE69047DAF80030F0E603469B
:106C5C000D9A5046CDE90059A047DAF80030B0E65D
:106C6C00C13E0000F13D0000213C0000036AF0B57C
:106C7C0087B0002B55D00A2946D00D294ED01A7A50
:106C8C0091424BD393F80AC08C4547D38A1A5C685F
:106C9C00D2B204EBC204E27894F802C06AB3BCF13D
:106CAC00000F2AD0C27EB0F910E0057EB0F9126058
:106CBC00477E8AB194F905209444B0F90C2005FB69
:106CCC000CEC944508DD4FF0000EA0F810E01B7B97
:106CDC0003FB07631EB243820B4632467146059096
:106CEC00CDE90257B0F816C0CDF804C0B0F814C006
:106CFC00CDF800C0FFF7A8FD05982179038A027E24
:106D0C0001FB0233038209E04FF0000C428A417E02
:106D1C00A0F810C01B7B01FB03234382012007B0AA
:106D2C00F0BD0A2932D00D29F8D0C57EB0F910C0BB
:106D3C0090F818E0B0F91220447E65B10625B0F940
:106D4C000C601EFB05C5B54205DD02EBC4029C467A
:106D5C00038212B2428203940B46CDF808E06146DE
:106D6C00B0F816C00590CDF804C0B0F814C0CDF83A
:106D7C0000C0FFF769FD0598037E028A03EB43030D
:106D8C0002EB43030382012007B0F0BD428A417E2F
:106D9C00038202EBC1034382012007B0F0BD00BFA8
:106DAC0001294FF0000338BF012161F3070361F3A0
:106DBC000F230383704700BF90F8A32090F8A20024
:106DCC00101A704790F8A23090F8A3209A4202D97A
:106DDC001844807E70474FF0FF307047704700BFFB
:106DEC0090F83021034612B990F831212AB193F86A
:106DFC002F21882A03D901225A600020704702F102
:106E0C00010C1A44012083F82FC182F8A510704799
:106E1C0090F83031944623B990F831210AB91046D4
:106E2C00704700B590F82FE183B0CEF189029445FC
:106E3C0011D862460346A53000927044019301F0CC
:106E4C0025FE019B009A93F82F111046114483F8EC
:106E5C002F1103B000BD01234360EBE72DE9F04F88
:106E6C0043698046007E152598F8192083B003EB02
:106E7C0000103B4903EB0212007A92F8282001EB38
:106E8C0000140001D4F80CA00F5801EB0210D4F838
:106E9C0004901201C46851F802E0C9F80050C7F818
:106EAC0084A07A68D0F804B042EA0A022D487A60CD
:106EBC00CBF80050CEF88440DEF804202A4D224353
:106ECC00CEF80420294A46682968A2FB0121890CC6
:106EDC0001EB810149004268921B9142FBD84FF0B3
:106EEC00090C204A214E0193BB6813EA0A0F03D008
:106EFC00DEF8083023422FD1CEF8884050682B683A
:106F0C00A6FB0331890C01EB810153681B1A9942D2
:106F1C00FBD8CEF8844050682B68A6FB0331890C53
:106F2C0001EB810153681B1A9942FBD8BCF1010C8F
:106F3C00DAD1019B604698F8182003EB0212D26854
:106F4C00C9F8002098F8192003EB0213DB6ACBF880
:106F5C00003003B0BDE8F08F019B0120EBE700BFD0
:106F6C001C230020001000E07C2E002083DE1B433D
:106F7C0010490269D1F800C006E0DB0108D40B68A7
:106F8C00A3EB0C03102B08D8536913F0007FF4D13A
:106F9C004FF4FE4301205361704700B583B001925A
:106FAC00FFF75CFF019A18B14FF4FE4301205361C7
:106FBC0003B000BDF04700202DE9F04790F82F9169
:106FCC00B9F1000F5BD082460F46D0F81080FFF766
:106FDC00CFFF002853D03A4D00242E6819E0D8F882
:106FEC00143019054ED4DA0453D4580559D49904E5
:106FFC003BD42A68921B322A37D84C4507D9D8F88B
:10700C005C20520703D19B0557D4002F55D003F0B9
:10701C0007FA4C45E3D8D8F85C305807DFD403F0B6
:10702C0007034CB99AF8A5200133012442F480627D
:10703C00042BC8F86020D2D0A14504F101020DD96F
:10704C000AEB040101331446042B91F8A520C8F86F
:10705C006020C4D0A14504F10102F1D81FB14FF456
:10706C000073C8F860301446B9E7D8F810304FF404
:10707C00007243F44073C8F81030C8F86020042044
:10708C00BDE8F087D8F8103043F44073C8F81030DE
:10709C00F5E7D8F81030052043F44073C8F81030E9
:1070AC00EEE7D8F810304FF40072022043F440732E
:1070BC00C8F81030C8F86020E2E70020E0E700BF15
:1070CC00F04700202DE9F04F83B004460D461646DC
:1070DC009946D0F810B0FFF74BFF002800F0A780BE
:1070EC00012E4FF000024FEA4505544F38BF0126E0
:1070FC009246EDB2D7F80080731EBAF1020FA4F8D5
:10710C00A22043F48073019357D994F8A330872BB2
:10711C0021D9DBF8141008053AD411F4105F70D1A2
:10712C003B68A3EB0803322B6BD894F8A330B34223
:10713C003ED3BAF1020F3BD9DBF85C305A0704D1CD
:10714C008B052BD4B9F1000F28D003F069F994F812
:10715C00A330872BDDD8DBF85C1011F4E02FC1F3E2
:10716C00024CD6D09C4404F119015FFA8CFC1944F2
:10717C000133DBF87000DBB2634584F8A33001F80F
:10718C00010FC6D0882BF3D1DBF814100805C4D539
:10719C00DBF8103043F44073CBF81030DBF85C3084
:1071AC0013F4E02F3CD194F8A30003B0BDE8F08FAA
:1071BC0003F036F9BAF1020FA7D8DBF85C004307ED
:1071CC00A3D45146BAF1000F0BD140F201432B432B
:1071DC00CBF8603000F00703013153445B1A032BEA
:1071EC0029D8012909D0B9F1000F03D04FF400734D
:1071FC00CBF860304FF0030A87E7019BCBF8603087
:10720C00E8E7DBF810304FF4007243F44073CBF82E
:10721C001030CBF86020DBF85C3013F4E02FC2D0D8
:10722C00DBF8103043F40073CBF81030BBE70420CC
:10723C0003B0BDE8F08F8A4667E700BFF047002037
:10724C0001690346D1F8142110B512F4706E84B0A4
:10725C0002F0020002F0010C26D178B3D1F870E1F3
:10726C001EF4004F40D00020012483F8A2001844E3
:10727C0083F8A34080F81AE0BCF1000F21D112F47E
:10728C00407F0FD093F8A30028B1D3F83C2112B162
:10729C0000939047009B0022A3F8A220A3F82E2174
:1072AC0083F8302104B010BDC1F814E10028E3D0FC
:1072BC00D1F870E11EF4004FD5D115E0BCF1000FF0
:1072CC00F0D093F83001A8B193F82E0193F82FC1A8
:1072DC00844527D900F1010C184483F82EC190F88D
:1072EC00A500C1F86001CAE793F8A3008728C3D8AA
:1072FC00441CBCE7D3F8384144B1CDE90203CDE9D5
:10730C000012A047DDE90203DDE900124FF0000C8A
:10731C0083F82EC14FF0010C83F830C193F82FC1C4
:10732C008445D7D80020C1F86001A8E70148FFF7D1
:10733C0087BF00BF902E00200148FFF781BF00BF20
:10734C00D02F00200148FFF77BBF00BF1031002079
:10735C00DFF870C00022036961451A6116D8DFF8A6
:10736C0068C0012012494FF43032C3F848C058624B
:10737C009962DA62D3F848C000204FF00111012263
:10738C00C3F850C0186299651A6170470948814268
:10739C0009D9DFF838C008480849C3F848C05A6210
:1073AC009862D962E6E7DFF828C00548F4E700BF29
:1073BC00B80B05053F420F0060090101007F050075
:1073CC00100E02027F1A06003B3728190A0907041F
:1073DC001C1A120C43682DE9F04FD3E90041814D82
:1073EC004FF0B80922684FF00F0B22EA01027E49D8
:1073FC002260AA6911407D4A0A43AA6190F810E004
:10740C007B4A03EB0E0603EB8E0E317C02EB011173
:10741C008968C1F8009090F811C003EB0C050CF1D1
:10742C000A0C95F8241002EB01118968C1F8009040
:10743C00817C03EB010803EB810198F838A002EB87
:10744C000A1ADAF808A0CAF80090D4F800905F681D
:10745C0049EA0709C4F80090347CDEF814E002EB2A
:10746C0004146468C4F800E095F8244053F82CC068
:10747C0002EB04146468C4F800C098F83840C96B77
:10748C0002EB0412526811609A6C98F84410116067
:10749C001A6A317F5B6B116095F830201A600222FA
:1074AC0003681A61C3F858B0C27C002A32D072B695
:1074BC00C37CDD0708D54FF0E0214469D1F8802169
:1074CC0022408262C1F880219C0708D54FF0E02150
:1074DC008469D1F884212240C262C1F88421590701
:1074EC0008D54FF0E021C469D1F88821224002630D
:1074FC00C1F888211A0708D54FF0E021046AD1F8A9
:10750C008C2122404263C1F88C21DF065CD462B628
:10751C00C27C0368374D8168A9425FD031498560D0
:10752C008969354CC1F30117C1F38261334E54F8AC
:10753C0027400131B4FBF1F4B44230D80021C160D2
:10754C0000241C6103245C620724196401211C665D
:10755C00196112B3D60704D5816A4FF0E023C3F842
:10756C000011950704D5C16A4FF0E023C3F804114C
:10757C00540704D5016B4FF0E023C3F80811110731
:10758C0004D5416B4FF0E023C3F80C11D30604D59E
:10759C00826B4FF0E023C3F81021BDE8F08F18493F
:1075AC00A1FB0461090DB4FBF1F4AC4288BF0131BD
:1075BC00B1F5817F14D20229C0D902394C0804EBF1
:1075CC00042441EA0421BAE74FF0E022416AD2F8E0
:1075DC0090310B408363C2F8903198E7C168AFE7F4
:1075EC000849ACE700C00F40CFFFFFE310000008D4
:1075FC001C23002000093D00C8200020FF083D008E
:10760C0083DE1B43FF7F7F002DE9F0470F461D46AD
:10761C001146C3697A00044683F8A52040F2011292
:10762C00A3F82F21C06903681B6898470121E06902
:10763C00FFF7C2FC064610B13046BDE8F08739466C
:10764C00DFF86C903746DFF86CA001232A46E0691E
:10765C00FFF738FD5FFA87F8E06903681B694B4553
:10766C001ED190F8A33090F8A220981A0028E3D0ED
:10767C00E06903685B69534514D190F8A23090F827
:10768C00A3209A4203F1010203440ED980F8A220F0
:10769C00987E4545E0D9089B013703F80800D9E7E7
:1076AC009847E3E79847C0B2F3E7FF20F1E700BF44
:1076BC00794700002918000038B504461D46C369F7
:1076CC004800114640F2011283F8A500A3F82F21BF
:1076DC00E069026812689047E069294603681B68F4
:1076EC009847E0690121BDE83840FFF765BC00BF51
:1076FC00002300220170C0F80230C3800262426293
:10770C00C3617047C1617047C36930B5044683B02B
:10771C000D4643B121780123752220460095FFF7D1
:10772C0073FF03B030BD0248E0610BF07DFFF1E761
:10773C00902E0020C36910B5044682B03BB31829C3
:10774C000ED8DFE801F0210D0D0D0D0D0D0D2B0DDB
:10775C000D0D0D0D0D0D1E0D0D0D0D0D0D0D0F0047
:10776C0002B010BD4FF083400B4620621C222178E2
:10777C002046FFF7A1FF0A2002B0BDE8104000F040
:10778C00ADBD4FF08240EFE74FF08040ECE705488D
:10779C000191E0610BF048FF0199D0E74FF0814077
:1077AC00E2E700BF902E0020844606233B2200B562
:1077BC0083B01CF8081BCDF800C0FFF725FF03B001
:1077CC0000BD00BF038990ED087ADBBA9FED050A76
:1077DC005B4207EE903AF8EEE77A67EE877A27EE8F
:1077EC00800A704700000038438990ED087ADBBAB4
:1077FC009FED050A5B4207EE903AF8EEE77A67EEEA
:10780C00877A27EE800A704700000038838990ED54
:10781C00087ADBBA9FED050A5B4207EE903AF8EE68
:10782C00E77A67EE877A27EE800A70470000003807
:10783C00C36910B5044682B023B318290ED8DFE80B
:10784C0001F01F0D0D0D0D0D0D0D280D0D0D0D0D58
:10785C000D0D1D0D0D0D0D0D0D0D0F0002B010BDFC
:10786C000D480B4660621B2221782046FFF724FF4F
:10787C000A2002B0BDE8104000F030BD0748F0E728
:10788C000748EEE707480191E0610BF0CDFE019946
:10789C00D3E70548E5E700BF0000FA4400007A444E
:1078AC0000007A43902E00200000FA438446062301
:1078BC00432200B583B01CF80E1BCDF800C0FFF7B7
:1078CC00A3FE03B000BD00BFC38990ED097ADBBAFB
:1078DC009FED050A5B4207EE903AF8EEE77A67EE09
:1078EC00877A27EE800A704700000038038A90EDF3
:1078FC00097ADBBA9FED050A5B4207EE903AF8EE87
:10790C00E77A67EE877A27EE800A70470000003826
:10791C00438A90ED097ADBBA9FED050A5B4207EECC
:10792C00903AF8EEE77A67EE877A27EE800A70478E
:10793C000000003870B5EFF3108272B60C4C206862
:10794C0080B10C4E00254369236073B19D6102B96F
:10795C0062B6836845779847EFF3108272B6206859
:10796C000028F0D102B962B670BD3360EFE700BFFA
:10797C004841002044410020FFF7DCBF0449054A80
:10798C004968054B1960136801331360704700BFD9
:10799C00001000E0F0470020EC470020704700BFCB
:1079AC00704700BF704700BF704700BF70B51A4CDE
:1079BC001A4D2368AB4202D0194AD16829BBA3697E
:1079CC00AB4202D0164AD169C9B9236BAB4202D083
:1079DC00134AD16A69B9A36CAB4209D0104AD16B76
:1079EC0031B101211B680F48D163BDE870401847C5
:1079FC0070BD01211B680C48D1629847EBE701214F
:107A0C001B680A48D1619847DFE701211B6804F124
:107A1C000800D1609847D2E7C03A0020AC1F002084
:107A2C0000410840103B0020F83A0020E03A0020CA
:107A3C0038B5064CA4F1600554F8083C2046183CB7
:107A4C00DB689847AC42F7D138BD00BF103B002033
:107A5C00036870B5164688B0002B50D000229A608F
:107A6C000122DA60324C054604A81C1951F8083B77
:107A7C00241102935B6898472E4904EB4403DB0006
:107A8C0003F10800CA5801930844D268009090474B
:107A9C00DDF808C0019B2749009841F803C026492E
:107AAC00DCF80830029104A99847029B04A8DB6813
:107ABC0098472B68032021491E6098602B79204839
:107ACC000B550B784A78DFF88CC09342C0F828C26B
:107ADC0028BF13468878CA78834228BF034693424E
:107AEC0028BF1346174C4FF0E0214FF08060012265
:107AFC0084F87A30C1F80C01104608B070BD124AF7
:107B0C00D36E43F44053D3660122104B1A60104AD3
:107B1C001346026040329C68002CA3D01033934271
:107B2C000360F8D100231A460360104608B070BDFC
:107B3C0000BFF7BFC03A0020AC1F0020503200201D
:107B4C000038002000E400E000C00F400040084076
:107B5C00004108406D5300000268002A32D01A4BD5
:107B6C001A49D3181B1103EB430210B5D20082B093
:107B7C000446019302F108008B5808440092DB681C
:107B8C009847009A12481149019B8850002122689D
:107B9C0001209160D060FF200E4AD05413785078A9
:107BAC0092F802C0834228BF0346D0780A4A634544
:107BBC0028BF6346834228BF034682F87A3021608F
:107BCC0002B010BD704700BF00BFF7BFC03A002025
:107BDC00AC1F00205032002000E400E0074B0020D6
:107BEC00DFF824C0064A0749C3F800C0C3F818C020
:107BFC00C3F830C0C3F848C002F07EBEC03A0020C3
:107C0C005C320020F1530000AC1F0020084602F04B
:107C1C0077BB00BF012A70B508BF0A228AB005469F
:107C2C001E4659B34FF0210C01E05FFA84FC0CF1B5
:107C3C00FF34B1FBF2F302FB131EBEF1090F0EF180
:107C4C00370098BF0EF130000DEB0C0E9142194627
:107C5C008EF80400E9D23EB10CF1FF3C2D225FFA04
:107C6C008CFC0DEB0C031A712B6801A9CCF12202D0
:107C7C0028465B68614498470AB070BD30234FF0CA
:107C8C00210C8DF82530E6E72DE9F0410C46D1B1F9
:107C9C00EAB180468F1800250E4E04E002F030FB4E
:107CAC00BC4205440CD0D8F8003014F8010B1B680A
:107CBC00B342F3D0014640469847BC420544F2D14A
:107CCC002846BDE8F0810D462846BDE8F0811546F2
:107CDC00F6E700BFCD550000002903DB00230A2284
:107CEC00FFF798BF49422D230A22FFF793BF00BF2D
:107CFC0000B5036883B040F60D2C022201A95B6825
:107D0C00ADF804C0984703B000BD00BF044B022877
:107D1C0088BF0346D3F800C01846DCF80430184777
:107D2C00802E002042B90368C9B2054A1B689342F1
:107D3C0004D1084602F0E4BAFFF76CBF184700BF45
:107D4C00CD55000000000000B4EE400B70B5F1EE14
:107D5C0010FA86B0864680F18280B0EEC07B9FED33
:107D6C00486BB4EE467BF1EE10FA6CDC9FED467B73
:107D7C00B4EEC70BF1EE10FA5CDC9FED457BB4EE74
:107D8C00C70BF1EE10FA55D4B5EEC00BF1EE10FAAC
:107D9C0061D40023B6EE007B002964D04FF0000CB8
:107DAC009FED3D6B0CF1010C27EE067B6145F9D183
:107DBC0030EE070B0C460A2270467646FCEEC07B72
:107DCC00B8EE676B17EE901A30EE460B8DED000B8C
:107DDC00FFF720FF0F2C21464FF02E0328BF0F2159
:107DEC0005468DF808300DF10903481EB2EE046B00
:107DFC0002AA53FA80F09DED000B20EE060BFCEE70
:107E0C00C07BCDED007A9DF8003007EE903A303310
:107E1C00B8EEE77B02F8013F904230EE470BECD115
:107E2C0033684A1C304602A95B68D2B29847284690
:107E3C0006B070BDDEF80030032219495B6806B04D
:107E4C00BDE8704018470368032216495B6806B00A
:107E5C00BDE870401847B1EE400B01239AE7036868
:107E6C0003221149EAE730EE070B0A227046FCEEBA
:107E7C00C07B17EE901A06B0BDE87040FFF7CABE83
:107E8C00FFFFFFFFFFFFEF7F000000E0FFFFEF4170
:107E9C00000000E0FFFFEFC19A9999999999B93FB9
:107EAC007C18002078180020741800202A284AD842
:107EBC00264B70B51B780646E3B9254B9B5DFF2B13
:107ECC002AD0244A02EB061291680A6802F4405048
:107EDC00B0F5805F31D01C0620D41F4C2360236A80
:107EEC00D80704D402F09CFA236AD907FAD51A4BA6
:107EFC00586A70BD184C194D01E002F091FAA36C50
:107F0C001B06FAD4AB6C13F08003F6D10F4A137036
:107F1C000F4B9B5DFF2BD4D1002070BD0F4C03F099
:107F2C007F032360236ADA0704D402F079FA236A08
:107F3C00DB07FAD5094B586A70BD22F480521C0637
:107F4C000A60EBD4C9E70020704700BFFD48002051
:107F5C00C02600201C23002000400C4000800C4058
:107F6C00082829D00A2814BF4FF446704FF4057026
:107F7C00DFF850C01249DCF84430DCF844206FF3D1
:107F8C00090302F003021A43DCF8443003F0E00367
:107F9C0013430343CCF84430D1F844C04A6C6FF31C
:107FAC00090C4B6C02F0030203F0E00342EA0C02F2
:107FBC0013431843486470474FF44070D8E700BF30
:107FCC0000800C4000400C40A94AAA4B90422DE97D
:107FDC00F047A94CD3F814E09969D4F80CC000F21E
:107FEC00088103F1437303F5F4530333A3FB00231C
:107FFC00DB0D03EB830303EB830202F2B63240F298
:10800C0027639A4228BF1A469C4BA3FB0232D20824
:10801C00203A984D0CF01F04D5F88030944243F070
:10802C00C003C5F880300BD22CF01F0C924C4CEADC
:10803C00020CC4F80CC02368002BFCDA0CF01F04F3
:10804C001EF0007327D18E4D2E698E4DB54300F076
:10805C00FA8081F4805576464FF4805716F0605FB5
:10806C0006D02EF0605E4EEA030E824BC3F814E08D
:10807C0015F4405F07D021F440517E4D3943A9617E
:10808C00AB6C1B07FCD44EF0007E7A49C1F814E0AF
:10809C008B6C9F06FCD47C49884200F2DF80012661
:1080AC0035460EE0082D0CD1042E00F291800136DD
:1080BC00022506FB00F38B4200F2C3805B008B426F
:1080CC0006D8013506FB05F300FB03F38B42E9D917
:1080DC00771E05F1FF384FEA872A8EEA87276B490E
:1080EC0059186B4B99427CD9DFF8E4916C236948A1
:1080FC006349B0FBF5F0684DB0FBF6F00E68354007
:10810C004D4508D043F400534FF480550D600B607F
:10811C000B68002BFCDA57490B6903F00703434546
:10812C0004D0C1F810808B6CDE03FCD417F4E05F34
:10813C000BD02EF4E05E0AF4E0534E4943EA0E0EE7
:10814C00C1F814E08B6C9D07FCD4544D544945196F
:10815C008D4239D8534BED09A3FB05352D0B6B1E06
:10816C001B028EEA030111F4407F07D02EF4407EEF
:10817C0003F440733F4943EA0E034B613D494B699D
:10818C0023F000734B618B6C9B06FCD4464BA242D4
:10819C00A3FB00134FF0FF314FEA9343B0FBF5F50F
:1081AC00B1FBF3F34149086041490D6041490B6053
:1081BC0008D22CF01F0C30494CEA0202CA600B6842
:1081CC00002BFCDABDE8F0874FF440730425C8E7B8
:1081DC00771E2E494FF007084FEA872A59188EEA66
:1081EC008727294B99421CD8DFF8E8903623324870
:1081FC007EE7324B984201D80E220AE7304B984268
:10820C0028D9304A904227D9821A2F4B120AA3FB45
:10821C000232D20902EB820202EB820202F2E24249
:10822C00EDE6A3F182532948DFF8AC90A3F589332E
:10823C007E3BA3FB01310B0D03FB00F043EA090964
:10824C0056E7012544E71F468EF0C0560D464FF009
:10825C00C05303E70F22DCE61222DAE601260346BE
:10826C004FF0000A77464FF00008354637E700BF5D
:10827C00001C4E0E00C00F40000008401F85EB5143
:10828C0000800D4040300080FFB19F26808D5B0048
:10829C00FF7EF64D00643F4D7F3001807FD1F008AA
:1082AC007F17B42C9F10E50083DE1B437C2E00202F
:1082BC00782E00206447002000B29F26FF0A6B1B1B
:1082CC0000A4781F0046C32323B24C00001BB70048
:1082DC006C200080362000800020008000B97047A0
:1082EC002DE9F84F01218146224C234E234D54E8B1
:1082FC00003F3268286844E80013002BF7D120496E
:10830C004B684FF47A7BDFF87CA01B1A01270BFB20
:10831C0002F8DAF80020A2FB03235B4594BF9844D3
:10832C00D84454E8003F3268286844E80073002BB6
:10833C00F7D14B68DAF800C01B1A0BFB02F2ACFB4E
:10834C0003C3B3F57A7F94BFD21802F57A72A2EB0D
:10835C000802B2F57A7F08D3B9F1010F08F57A78E3
:10836C0009F1FF39DDD1BDE8F88F02F059F8044965
:10837C00D7E700BFF4470020F0470020EC4700206F
:10838C00001000E06447002010B50F4B4FF0010CBB
:10839C000E4CDFF844E053E8002F2068DEF80010A4
:1083AC0043E800C2002AF6D1094B5B68094A5B1A04
:1083BC004FF47A71126801FB00F0A2FB03238B428D
:1083CC0094BFC018401810BDF4470020F04700209F
:1083DC00001000E064470020EC470020362812D83B
:1083EC0002010C4B03EB00109B58C268D3F804C07D
:1083FC001CEA020F03D039B1C3F88420704783689C
:10840C0029B9054A1A607047C3F888207047034A97
:10841C001A6070471C2300203830010038F001002E
:10842C00362831D802011B4B012903EB00109B5855
:10843C0000B55A68D0E902EC12D0042910D022EA17
:10844C000C025A60C9B102291FD003294FF0150242
:10845C000CBF114B114BCEF8003043681A6000BDB5
:10846C0042EA0C0201295A6007D040F63803CEF8D4
:10847C000030436815221A6000BD38231522CEF84F
:10848C00003043681A6000BD7047054BCEF80030D1
:10849C00EFE700BF1C23002038300100380001003A
:1084AC0038F0010010B4134A0020134B0121134C77
:1084BC00DFF84CC0C2F8F032C2F8F402C2F8B810BF
:1084CC00C2F8A000C2F8A440C2F8B0105369DB0790
:1084DC00FCD551619CF80030DB07EFD413680549DB
:1084EC0043F0010313600B68DB07FCD462B610BCCD
:1084FC00704700BF00802A400504012401000F00D2
:10850C0000812A4010B5DFF840E04FF6FF7C0C48A4
:10851C000EF17E04A0F58053002203E0834202F1A9
:10852C00010203D2198802336145F7D12EF8022FCC
:10853C00A64500F58050EDD1024B01221A7010BDFA
:10854C0000107C60FF4800206647002041F2BB030E
:10855C00984238D81D4B10B51B7882B05BB382089B
:10856C001B4BDFF874C0A3FB0213D11A03EB5103AE
:10857C0018495B09C3EB831E1C46A2EB0E033CF8A7
:10858C0013C059184FEA4C0C0A030CEB013CBCEB22
:10859C00013F15D900F0030EFF204EEA840E13465E
:1085AC0002321B88D9B21B0A8E4508BF1846944567
:1085BC00F5D802B010BD0190FFF7A4FF0198CEE7EB
:1085CC00FF2002B010BDFF20704700BFFF48002005
:1085DC0005411004C00706006847002038B5054661
:1085EC00FFF7B4FF0446681CFFF7B0FF44EA002015
:1085FC0080B238BDF8B50546FFF7A8FF0746681CE2
:10860C00FFF7A4FF0646A81CFFF7A0FF0404E81C14
:10861C00FFF79CFF44EA06243C4344EA0060F8BDA3
:10862C000120704730B583B072B6334B40F206452B
:10863C00324C9C610224DC610024C3F8A040C3F8D6
:10864C00F0528518C3F8F442C3F8F842C3F8FC4260
:10865C004FF47024C3F8A4400124C3F8B04020F0B8
:10866C001F03BFF34F8F4FF0E024C4F85C3F20335F
:10867C009D42FAD8BFF34F8FBFF36F8F1E4D6B69BE
:10868C00DC07FCD50123DFF87CC094B220F07F40DE
:10869C006B6144F47024C5F8F0C242F2012CC5F8A9
:1086AC00F4C2C5F8BC30C5F8A000C5F8A440124C03
:1086BC00C5F8B03001E05B060AD4636913F001051C
:1086CC00F9D04123636103B0BDE83040FFF7EABE47
:1086DC00082A0DD842B10A48CDE9001200F0D6F9AB
:1086EC00DDE9001211442A46034B40205861E4E7AF
:1086FC00A2F108050822EEE700802A40F05AF05A51
:10870C0080812A403204180800B5864672B6294B7F
:10871C0002212948002298614FF47020D96140F25F
:10872C000641C3F8F0120121C3F8F422C3F8F82271
:10873C00C3F8FC22C3F8A020204AC3F8A4000EEA18
:10874C000202C3F8B010BFF34F8F02F1200302F501
:10875C0080514FF0E02C8B422CBF0121802102EB89
:10876C0041118B42CCF85C2F1A4603F12003F8D14F
:10877C00BFF34F8FBFF36F8F0E4A5369D907FCD5E8
:10878C0001200F490F4B4FF4702C50610EEA03037C
:10879C00C2F8F0120749C2F8A030C2F8A4C0C2F85F
:1087AC00B0004B69DB07FCD501235DF804EB4B6192
:1087BC00FFF778BE00802A40F05AF05A00F0FFFF15
:1087CC002004180800F0FF0041F2BB03984200F2AD
:1087DC008E80484B2DE9F0471B78C2B00E460546FB
:1087EC00002B00F08180AB08434F05F00305A7FB7D
:1087FC000327DA1B07EB5207404A7F0945EA870536
:10880C00C7EB8717DF1B3E4B32F81740FB18600095
:10881C004FEA033800EB0330B0EB033F68D9424614
:10882C00FF21134602321B885FFA83FC1B0AAC45FE
:10883C0008BF19468242F4D38E4244D0B4F5006F7F
:10884C0044D302AC4FF48072FF21204604F058F957
:10885C0008F1020208F580532A48934294BF012381
:10886C004FF40063424603EBC7231818400013462D
:10887C0002321B888242D9B24FEA13236354F6D1D9
:10888C000DF1070966550DF2071A00254C464046B6
:10889C00FFF73AFF14F801CF02220DF1060108EBA5
:1088AC004500631EBCF1FF0FA3EB090306D043EA9E
:1088BC000C230135ADF80630FFF7B4FE5445E9D171
:1088CC000E4B23F8175042B0BDE8F08702A945EAD9
:1088DC000625022201340D80FFF7A4FE074B23F876
:1088EC00174042B0BDE8F087FFF70CFE7BE77047FE
:1088FC00FF21A1E7FF480020054110046847002034
:10890C00C007060000003E3010B582B00C46C9B25C
:10891C000190FFF759FF0198210A013002B0BDE820
:10892C001040FFF751BF00BF38B50C460546C9B221
:10893C00FFF74AFFC4F30721681CFFF745FFC4F398
:10894C000741A81CFFF740FFE81C210EBDE838408A
:10895C00FFF73ABF704700BF36285CD8DFF808C174
:10896C00000170B55CF80030DFF800E173455BD0B6
:10897C0052D8B3F1844F55D0AEF5804E734549D1E2
:10898C00344E6044344CDFF8E8C0C4F8B4C2D0E9CB
:10899C00015CC0684FF0E02E4FF00054042ACEF872
:1089AC00104137D8D3F814E02EEA000EC3F814E0C7
:1089BC004FF0050EC5F800E0DCF800E04EF4803E08
:1089CC00CCF800E0D3F804C02CEA000CC3F804C0C7
:1089DC00DFF8A0C05CF822C090FAA0F2B2FA82F2E2
:1089EC0046F8221022D0D9690F2A21EA0001D96158
:1089FC0020DC52004FF0030ED9680CFA02FC0EFA80
:108A0C0002F221EA020242EA0C02DA6098615A6927
:108A1C0002435A6170BD7047DFF85CE07345F9D1D1
:108A2C000E4EAEE70E4EACE70E4EAAE7DA690243E5
:108A3C00DA61EBE7103A4FF0030E196952000CFAA9
:108A4C0002FC0EFA02F221EA020242EA0C021A615C
:108A5C00DCE700BF603500200038002060360020C5
:108A6C00E0340020E03500201C2300200080004270
:108A7C00210000006406002000C0004208B5FAF78F
:108A8C00ADF9FAF721FA01F0CBFCFAE7844641EA9A
:108A9C00000313F003036DD1403A41D351F8043B6A
:108AAC0040F8043B51F8043B40F8043B51F8043BBC
:108ABC0040F8043B51F8043B40F8043B51F8043BAC
:108ACC0040F8043B51F8043B40F8043B51F8043B9C
:108ADC0040F8043B51F8043B40F8043B51F8043B8C
:108AEC0040F8043B51F8043B40F8043B51F8043B7C
:108AFC0040F8043B51F8043B40F8043B51F8043B6C
:108B0C0040F8043B51F8043B40F8043B51F8043B5B
:108B1C0040F8043B51F8043B40F8043B403ABDD2CA
:108B2C00303211D351F8043B40F8043B51F8043B6C
:108B3C0040F8043B51F8043B40F8043B51F8043B2B
:108B4C0040F8043B103AEDD20C3205D351F8043BFB
:108B5C0040F8043B043AF9D2043208D0D2071CBFC7
:108B6C0011F8013B00F8013B01D30B8803806046F0
:108B7C00704700BF082A13D38B078DD010F0030366
:108B8C008AD0C3F10403D21ADB071CBF11F8013BD6
:108B9C0000F8013B80D331F8023B20F8023B7BE725
:108BAC00043AD9D3013A11F8013B00F8013BF9D250
:108BBC000B7803704B7843708B78837060467047EA
:108BCC0002F098B801F1FF3C70B566464FF0000E0C
:108BDC0001E00EF1010EB0FBF2F402FB1403092BC1
:108BEC0003F1370598BF03F130059042204606F893
:108BFC00015FEED201EB0E0300225A70BEF1000FA2
:108C0C0011D0481C70440CF102021CF8014F10F8F2
:108C1C00015DA1EB0C03521A8CF80050013B04705F
:108C2C0073449A42EFDB084670BD00BF30B5154661
:108C3C0001EB4102012400EB421204FA01F1244C35
:108C4C00B2F80EC024784FEA011E1FFA8CFC0EF00D
:108C5C00F00E0CFB0333E340B0F8884163454EEA59
:108C6C00040428BF6346012DA0F8884101F00F04CD
:108C7C001ED0022D0FD045B9ACEB030CA2F80AC0E4
:108C8C00B0F880312343A0F88031B0F888311C4310
:108C9C00A0F8884130BDD383B0F880314EEA030E82
:108CAC00A0F880E1B0F888311C43A0F8884130BDB1
:108CBC000902D382B0F8803101F470611943A0F835
:108CCC008011B0F888311C43A0F8884130BD00BF3A
:108CDC003A37002001EB4103304AF6EE006A4FF0C0
:108CEC00010C00EB43130CFA01FC30B5DC8992ED5E
:108CFC00007AA4B2B8EE477AC7EE007A77EEA67A7D
:108D0C00FCEEE77A17EE903AB3F5803F42D300229F
:108D1C004FF6FF7E5B080132734501D9072AF9D162
:108D2C00120142F48062022B4FF6FF754FEA0C1EC3
:108D3C000CF00F0C38BF022301EB41015FFA8EFEE1
:108D4C00AB4200EB411128BF2B46B0F888514EEADC
:108D5C00050EA0F888E1CA805A1ECA814A8992B2CF
:108D6C0003FB02F2B2FBF4F24A81CA8A92B203FB11
:108D7C0002F2B2FBF4F2CA82CA8B92B202FB03F388
:108D8C00B3FBF4F3CB83B0F888314CEA030CA0F8B6
:108D9C0088C130BD4FF48062C5E700BF782E00203B
:108DAC001F4BF6EE006A4FF6FE7C93ED007AB8EEA0
:108DBC00477AC7EE007A77EEA67AFCEEE77A17EEE2
:108DCC00903A634528D900225B080132634501D9EA
:108DDC00072AF9D1083242F2260C4CEA422C022B1B
:108DEC0000EB41114FF6FE7038BF02230A8A834212
:108DFC0092B228BF0346C88880B2C0F1011010445B
:108E0C0003FB02F2B2FBF0F29B1AC3F10103CB801D
:108E1C000A82A1F80CC0704743F2260CDFE700BFB2
:108E2C00782E0020362848D8294A70B5044612F806
:108E3C00200002EB840301281E4629D002283BD1D6
:108E4C005878C0F30113032B3AD0224A02EB833C2F
:108E5C0000F003008BB2204A0CEB401E1578BEF8D4
:108E6C000610BEF8102089B2C1F1011111FA82F27C
:108E7C00511E01FB03F3EB40994224D9D21AC2F1E3
:108E8C0001020CEB401CAEF80620ACF810300DE0E3
:108E9C005A78C2F30113032B10D0104800EB833027
:108EAC008BB202F00301B278FFF7C0FE0C4BF278E4
:108EBC0003EB04135B681A6070BD70470948EFE759
:108ECC00DFF824C0C4E7931E4FF6FF72D9E700BF4A
:108EDC00EC26002000C01D403A37002000C03D4069
:108EEC001C23002000803E4000801E40362808D8FD
:108EFC00154B13F8202003EB8003012A02D0022A21
:108F0C000DD070475978C1F30112032A13D00F48C2
:108F1C0001F0030100EB82309A78FFF7DBBE597841
:108F2C00C1F30113032B0CD0094800EB833001F083
:108F3C000301FFF735BF074801F003019A78FFF7EB
:108F4C00C9BE0548F3E700BFEC26002000C03D4039
:108F5C0000C01D4000803E4000801E4010B5002324
:108F6C004FF470440F224FF4806EA0F88C411946D8
:108F7C00A0F88E214FF46044A0F890310A46B0F866
:108F8C00883148F2B82C43F0F003A0F8883101EB9B
:108F9C004103013100EB431304299C80A3F806E044
:108FAC005A841A865A805A81A3F80EC05A82DA82E1
:108FBC005A83DA83EBD1B0F8883143F00F03A0F871
:108FCC008831B0F8883143F47063A0F8883110BD53
:108FDC00374B384A996F384841F47F0170B599671F
:108FEC0041F20106D3F8801045F6C05543F2260431
:108FFC000A43C3F88020FFF7B1FF00F58040FFF76C
:10900C00ADFF00F58040FFF7A9FF00F58040FFF7AA
:10901C00A5FF0022A0F503104FF00F0E114600EB38
:10902C0042134FEA421C01329981042A5981A3F858
:10903C000EE09E82DD8020F80C1019829C81EED10E
:10904C0000221E484FF00F0E41F20106114645F664
:10905C00C05543F2260400EB42134FEA421C013286
:10906C009981042A5981A3F80EE09E82DD8020F8B4
:10907C000C1019829C81EED1002211480F2641F26E
:10908C000105114645F6C05443F2260E00EB42137F
:10909C004FEA421C01329981042A5981DE819D825A
:1090AC00DC8020F80C101982A3F80CE0EED170BD16
:1090BC0000C00F40000003FC00C03D4000001E40FB
:1090CC0000401E4010280346044A28BF1023107885
:1090DC00012B38BF01231370704700BF3A370020B3
:1090EC0072B6EFF30583524CC4F884301EF0040FB3
:1090FC000CBFEFF30882EFF309824FF0E0234D4DE4
:10910C00D3F8280DD3F82C1DC4E92201D3F8341D53
:10911C00D3F8383DC4E924139369A83444F8103CBF
:10912C00D36944F80C3C00F0CFF804ED020A01F0CE
:10913C00E3F90B2344F8040C4FF0FF323E4844F89B
:10914C00283C2B68202104355A4042F30003013996
:10915C0003EA000383EA5202F7D1A542F1D1344B62
:10916C00C3F8A820BFF34F8F4FF0E0233149334AA7
:10917C00C3F8701FC3F8702FBFF34F8FBFF36F8FFF
:10918C002F4A02242F48D36E2F4943F44053D36601
:10919C000460D3692D4823F07F0343F04003D3616F
:1091AC000B68834240D8274D00204FF0E0234FF04E
:1091BC00FF3228600121C5F8080125480C460E46EF
:1091CC00C5F80001C5F80811C3F88021C3F8842143
:1091DC00C3F88821C3F88C21C3F8902101E000F07A
:1091EC0073F9D5F80C31002BF9D04F2CC5F80C6164
:1091FC0004F10104F3D9174B022017494FF0004238
:10920C00C1F840015A63D5F80C313BB913481449E5
:10921C000C4A0163D2F80C31002BFAD04FF0E0234A
:10922C00104AC3F80C2DFEE7FEF7CEFEBBE700BFDD
:10923C0000FF272080FF27202083B8EDA0FF2720E8
:10924C0000C00F40004008407C2E0020803DCD0B1C
:10925C00009F240000900D4000002E4000800F4025
:10926C00F100AD0B0400FA05094A08B50346106875
:10927C0023B1034407498B4201D8136008BD03F0A6
:10928C0091FD0C2203464FF0FF301A6008BD00BF61
:10929C005832002000002820002070474FF0FF308B
:1092AC00704700BF4FF4005300204B60704700BF65
:1092BC00012070474FF0FF30704700BF30BFFDE713
:1092CC0030BFFDE7FFF70CBF124AD2F880305B07C6
:1092DC00FBD5D2F880301048C3F30B230F4990ED27
:1092EC00007A07EE903A91ED006AB8EE477A0C4A94
:1092FC00F8EEE77A0B4BD2ED006A77EEC77A93ED76
:10930C00007AB8EE477A67EE867A87EEA60A37EED1
:10931C00400A704700810D40544700205C470020F4
:10932C006047002058470020836B70B586460E4678
:10933C0010461BB1536843F40043536072B6DEF819
:10934C00342042B31B4B1060D3F8B02132421ED1F3
:10935C00194C656805E06268A2EB050CBCF5166F4C
:10936C000BD2D3F8402142F48042C3F84021D3F809
:10937C00B811D3F840215204EDD5314007D10D4A34
:10938C00CEE90201D2F8B0313343C2F8B031CEF895
:10939C00340062B670BD0749CEE90202D1F8B03193
:1093AC003343C1F8B031CEF83000CEF8340062B699
:1093BC0070BD00BF00002E40001000E070B5056BC2
:1093CC0095B12B46002403E01B680134012B0CD013
:1093DC005A681206F8D5036306462CB12846B36BBF
:1093EC002D689847013CF9D170BD00220023C0E9DB
:1093FC000C23F1E700B501BBDFF8A0C0234B002123
:10940C00234A4FF0010E4FF001109960C3F800E0B1
:10941C00CCE902314FF0800CC3F804C0C2F8BC0197
:10942C00D2F8B0311B4843EA0E03C2F8B0310160E8
:10943C00D2F8B031002BFBD100BD0904164BDFF87C
:10944C005CC04FF0010E41F080019860104A5960E9
:10945C0000F58051C3F800E0D96000F50051CCF85C
:10946C004830196100F5405100F5804059610021E8
:10947C009861CCF84C10D2F8B03143F48033C2F878
:10948C00B031D2F8B031002BFBD1B7E7403B002014
:10949C0000002E4094460020603B0020000000207D
:1094AC00074901220B78824023EA02030B7033B97F
:1094BC00044AD2F8483123F08003C2F8483170478F
:1094CC000349002000002E402DE9F047A64C82B045
:1094DC00D4F84461F107C4F844614CD5D4F8AC31EC
:1094EC00002B43D0A14DA24FDFF8B882C4F8AC31A9
:1094FC00D5E90A20D4F8403143F40053C4F8403184
:10950C00D4F840319B04F5D5D4F840314FF001111B
:10951C0023F40053C4F84031C4F8B411D4F8B43176
:10952C0013F00113FAD191B284463B60B1F5086F88
:10953C0000F03A8100F2958040F2023E714500F055
:10954C00928100F2A480822900F0E181B1F5817F43
:10955C0000F0B381802940F0958086480221038079
:10956C00FFF748FFD4F8AC31002BBFD17E4AD2F8BC
:10957C00BC31002B42D1720616D57B4BD3F8AC21F3
:10958C00C3F8AC21D3F8BC21C3F8BC21D3F8B0414B
:10959C00002CFBD14FF0FF32C3F8B421D3F8843147
:1095AC0000F046FD744B1C60F40103D5734B1B6833
:1095BC0003B19847B00103D5714B1B6803B19847B1
:1095CC00710708D5684BD3F8843113F4007345D078
:1095DC006C4B01221A70644BD3F848311A060AD529
:1095EC00330608D5684A13782BB1013BDBB21370F4
:1095FC00002B00F06D8202B0BDE8F0875C49C2F828
:10960C00BC310868034240F098815B4A12681340F1
:10961C00B1D01C0C554D1FFA83F810D094FAA4F756
:10962C00B7FA87F705EBC7104030FFF7C7FE0123E9
:10963C0003FA07F7BC43F1D1B8F1000F9BD0012717
:10964C0098FAA8F4B4FA84F405EBC41007FA04F4FD
:10965C00FFF7B4FE38EA0408F2D18CE7494A1370DC
:10966C00B9E742F2212E71455AD049D8B1F5106FA5
:10967C0000F0A28042F2210C614503D1010C0729B4
:10968C0000F08C814FF00113C4F8C0316AE7B1F5DA
:10969C00A06F00F0CA80A1F5D0610129F2D83B4B34
:1096AC0059680029EED01FFA8CFE120C03E01969E0
:1096BC000C330029E6D0B3F800C09445F7D1B3F8C9
:1096CC0002C0F445F3D14FEA122C000CBCF1030F8D
:1096DC0000F0CB811B89834228BF0346B2F5007F83
:1096EC009A4640F09A81274B1B78002B40F0EE8174
:1096FC00274952462748DFF89C90FFF7C7F99EE1AF
:10970C0042F22133994214D04FF6C0039942B9D199
:10971C0083B2FF2BB6D843F46E4363F30F0CBEE752
:10972C0080B230B91C4B120C19681C4B19601C4BC5
:10973C001A700023C5F84880EB64C8F80830012380
:10974C00C8F800308023C8F804304FF00113C4F877
:10975C00BC31D4F8B03143F48033C4F8B031D4F810
:10976C00B031002BFBD1FDE600002E4000000020A4
:10977C00944600201C47002098460020EC4800200E
:10978C00F0480020094900200A490020C827002081
:10979C007825006000002020F0470020E8480020D9
:1097AC0007490020403B0020B34B0121B3481B78F4
:1097BC000370FFF71FFED5E6AF49120C01930A7038
:1097CC00AF4AC4F8C821AF4AC4F8CC21AE4AC4F899
:1097DC00D02100F02FFC80220199AC4803F090F9C5
:1097EC00AB498022019BA9644A60AA4AEB64C5F884
:1097FC00A02002F13C428B6002F56C2202F56F72E4
:10980C00C5F8E02001220A604FF00112C4F8BC2117
:10981C00D4F8B02142F48032C4F8B0219E4A3B60A7
:10982C00D2F8B031002BFBD19CE69949EB648B60EC
:10983C000123A9640B6080234B604FF00113964900
:10984C00C4F8BC31D4F8B03143F48033C4F8B0312F
:10985C00D1F8B031002BFBD1130C5B0643F08073B5
:10986C00C1F854317EE610F0780F7FF40BAF00F0A6
:10987C007F028A4B000653F822104CBF41F4803112
:10988C0041F0010143F822100021814BE9649960F9
:10989C000121AB64196080217F4A59604FF001139C
:1098AC00C2F8BC31D2F8B03143F48033C2F8B031D5
:1098BC00D2F8B031002BFBD154E610F0780F7FF4C6
:1098CC00E1AE00F07F02754B000653F822104CBF3E
:1098DC0021F4803121F0010143F8221000216C4B5E
:1098EC00E96499600121AB64196080216A4A59606E
:1098FC004FF00113C2F8BC31D2F8B03143F48033CD
:10990C00C2F8B031D2F8B031002BFBD12AE610F0FE
:10991C0078037FF4B7AE00F07F01604A000652F87E
:10992C002110564A138036D5C90301D50123137073
:10993C0002215248FFF75EFD14E6002008605849EA
:10994C000C88486842F221018C427FF45EAE80B2F2
:10995C0000287FF45AAE5349534C03C9A180862882
:10996C004FEA11412060A1717FF44FAE72B64F489F
:10997C00017841F008010170D2F848110D0605D4A8
:10998C0080200143C2F84401C2F8481162B6484A2B
:10999C005021117039E6CB07CAD5C7E74049EB60B7
:1099AC00444BC1E900200122AB601A60424A5A6064
:1099BC003C4A9A60D4F8B01141F00101C4F8B011DE
:1099CC0002F58051D96002F50051196102F5405140
:1099DC0002F5804259619A612F4AD2F8B031002BBE
:1099EC00FBD12B49EB648B600123A9640B6048F21B
:1099FC0080034B604FF00113C2F8BC31D2F8B03188
:109A0C0043F48033C2F8B0314FF48033224A3B60C8
:109A1C00D2F8B031002BFBD1A4E5B2F5E06F7FF4A6
:109A2C0068AE264B1B78002B4ED12549DFF894905D
:109A3C0052464846FFF72AF8072389F8013029F0E7
:109A4C001F0309EB0A02BFF34F8F4FF0E021C1F85F
:109A5C00703F20339A42FAD8BFF34F8FBFF36F8F0A
:109A6C0018485146FFF7C6FC7CE50B78834228BFAB
:109A7C0003469A463DE600BF084900201C470020DB
:109A8C000200CC00C80002000200C80080000020C8
:109A9C00403B00205DCFC6B800002E40C0012E40D8
:109AAC00C83D00208C460020E048002003490020DF
:109ABC000A490020603B0020800007000949002073
:109ACC00DC250060000020200449AFE7044910E6C3
:109ADC000320FFF7E5FC09F0ABFD00BF7825006023
:109AEC00DC2500602DE9F043841E83B0022C02D9E2
:109AFC0003B0BDE8F083124D90460F46C60105EB4E
:109B0C00C0143C2200210190201D994602F0F8FF60
:109B1C00B8FA88F23904520941EA42710122A9517A
:109B2C00C4F83890A260B9F1000FE1D00549019B4F
:109B3C009A400B681A430A6003B0BDE8F08300BF7B
:109B4C0000000020984600202DE9F043A0F1020E01
:109B5C0083B0BEF1020F02D903B0BDE8F083914689
:109B6C00C201124F884602F1400605463C220021F4
:109B7C00F4190193201D02F0C3FFB9FA89FC4FEAD6
:109B8C000842019B4FEA5C1C42EA4C72BA5101221A
:109B9C00A363A260002BDFD0054905F110000B6810
:109BAC0082401A430A6003B0BDE8F0830000002035
:109BBC009846002012044FF0010C816042F08002A4
:109BCC00C0F800C0C36101F5805C01F540534260F0
:109BDC0001F5005201F58041C0F80CC08161C0E96B
:109BEC0004237047831E022B00D9704700F1100C20
:109BFC00064B0A4603EBC01000B54FF0010E0EFAEF
:109C0C000CF15DF804EBFFF78FBB00BF40000020A8
:109C1C00831E022B00D970474FF0010C034B0A46F0
:109C2C000CFA00F103EBC010FFF77EBB0000002024
:109C3C0040687047144B0A22DFF850C0D3F820025A
:109C4C0020F07F4000EB800300B55B0085B06045E1
:109C5C0038BF18466946FEF7B5FFDFF834C06B46CF
:109C6C000022604619780132013341B10A2A20F8EA
:109C7C00021FF7D116228CF8002005B000BD52004F
:109C8C008CF8002005B000BD00441F408096980061
:109C9C002437002000F0ECBA00F0BABA00F020BB78
:109CAC0000F0D8BA00F06EBB00F048BB0846114675
:109CBC0000F03ABB70B5164D4FF0E02415494FF447
:109CCC000032154E05EB401582B001EB4021C4F873
:109CDC008C210346328828460191FFF76BFF0199CE
:109CEC0033880B44BFF34F8FC4F85C1F20318B4279
:109CFC00FAD8BFF34F8FBFF36F8F03202946FFF7BE
:109D0C0087FF4FF40033C4F80C3102B070BD00BFB4
:109D1C00803B002080002020F4480020264B1A882D
:109D2C004368C3F30E43D21A002AF0B5C46983B05A
:109D3C0028DD2248224D01782D78CBB2DFF894C073
:109D4C00A942204D09D01CF803100F4635F811100C
:109D5C000E46C1F500718A421AD90133002125F84B
:109D6C001420082B184D88BF0B4625F8141098BFEB
:109D7C0019460CF80340154B017019680A441A6017
:109D8C0003B0F0BD204603B0BDE8F040FFF792BF32
:109D9C000F4906EB47200192084401EB4421FEF7E2
:109DAC0075FE019A09492046B31825F817300B683F
:109DBC0013440B60E7E700BFF44800200149002082
:109DCC000249002028470020384700202447002063
:109DDC008000202048470020224B1A78002A3FD1CF
:109DEC0002F0FF03204A1278002A39D01F4A128849
:109DFC00002A35D01E49C2F5006210B5087884B02F
:109E0C001C4901EB40141C4901EBC0212046CDE953
:109E1C0002230191FFF7CEFEDDE901120A44BFF3E4
:109E2C004F8F4FF0E020039BC0F8701F20318A4207
:109E3C00FAD80193BFF34F8FBFF36F8F04202146E5
:109E4C00FFF7D0FE0A480021084B02781980013236
:109E5C00019BD2B2032A98BF1346037004B010BD05
:109E6C00704700BF0649002008490020F648002032
:109E7C0005490020803C0020801020202DE9F04F67
:109E8C0087B00490002900F0BF8000235F4C604F26
:109E9C004FF00109DFF890A15E4E029303915E4BE7
:109EAC005E4A1D783B8802EB451284F800900192C3
:109EBC00002B40F0A58098461D469B460198FFF765
:109ECC00B7FE10F0800000F08B80BFF34F8F9AF834
:109EDC00003084F800B00DB9D6F80080002B7BD18F
:109EEC003368A3EB0803782B00F283804C4B1B7870
:109EFC00002B71D000F094FA3B88012584F8009077
:109F0C00002BDBD044491A46C3F500600D78039949
:109F1C0000EBC520DFF814B19142584417D20593D9
:109F2C00DDE903210192FEF7B1FD019A4FF04041AA
:109F3C00059B9B1A3B803B4BC3F88410BFF34F8FA0
:109F4C00029800231044237007B0BDE8F08F0499E9
:109F5C00FEF79CFD00230BEBC5214FF4006201982A
:109F6C00FFF728FE0BEBC521BFF34F8F01F1200249
:109F7C0001F50063934294BF012340234FF0E0228C
:109F8C0001EB4313C2F8701F20318B42FAD1BFF39F
:109F9C004F8FBFF36F8F04200199FFF723FE1E4AEA
:109FAC0013780133DBB2042B28BF002313703B88DA
:109FBC00039AD11A029A1A4403910292049A1A44EF
:109FCC0000230492174A3B80C2F88430BFF34F8FB2
:109FDC00237000297FF463AF029807B0BDE8F08FBF
:109FEC004FF400620C4B8AF800001D7813463A803F
:109FFC008DE7012302988AF8003007B0BDE8F08F96
:10A00C001A46C3F5006082E70846E6E706490020D9
:10A01C00F6480020F047002005490020803C002035
:10A02C000849002000002E40044900208010202008
:10A03C00704700BF2D4B002180222D4870B51B7836
:10A04C0000242C4E8B420CBF40234FF400732A4D3E
:10A05C0033802B8002F054FD284A2146284B147083
:10A06C004FF4807227481C8002F04AFD264A1021CA
:10A07C00264B0220C2E90044C2E90244244AC3E947
:10A08C0000441470234AC3E90244234B1C7023463A
:10A09C0014602246FFF758FD204B224631880320DE
:10A0AC00FFF720FD2346012229880420FFF74CFDF1
:10A0BC0020460134FFF7FEFD082CF9D1184B002186
:10A0CC004A221848184C0460C3F88410C3F8802046
:10A0DC00D3F84821154942F08072C3F8482121B1C8
:10A0EC00134A137843F00103137070BD0949002023
:10A0FC00803C0020F4480020F8480020054900204E
:10A10C00F6480020803B00202847002038470020DC
:10A11C00014900202447002002490020DD76000080
:10A12C0000002E40EC480020997700000000000051
:10A13C000B4900202DE9F84F4FF400324FF0E0238B
:10A14C00C3F88C212B4B1C78002950D082468B46AF
:10A15C00E4B20027DFF8B490274B5046274AABEB0C
:10A16C0007081B78A34204F1010437D0092C244BB7
:10A17C00244928BF00241E5D39F8163031F81650DA
:10A18C0003EB4621ED1A1144A8452A4617D21E4C62
:10A19C0042465046FEF77AFC236839F816105846AA
:10A1AC00A3EB0B0388443B4429F8168023604FF043
:10A1BC00E0234FF40032C3F80C21BDE8F88FFEF712
:10A1CC0065FC114A2F4430461368AA445B1B13608C
:10A1DC00084A1470FFF76EFDBB45BDD84FF0E02365
:10A1EC004FF400323846C3F80C21BDE8F88F08460E
:10A1FC00DDE700BF0249002001490020800020203B
:10A20C0048470020284700202447002038470020DA
:10A21C000B4B0C4A12781978D3B28A420DD0013309
:10A22C0009480A4A092B0A4928BF0023C35C31F8A4
:10A23C00131002EB4323585C70474FF0FF3070470C
:10A24C0001490020024900204847002080002020BE
:10A25C0038470020054B186800B1704700B583B033
:10A26C00019000F0DDF8019803B000BD24470020F8
:10A27C002DE9F84F144E154D33782A78934220D09F
:10A28C00DCB2DFF85090DFF850B0DFF85080104FA0
:10A29C000134082CA24601D90024A24619F8040066
:10A2AC00DBF8003038F8102037F81010521A9B1ACF
:10A2BC00CBF80030FFF7FEFC86F800A02B78A34209
:10A2CC00E6D1BDE8F88F00BF02490020014900200B
:10A2DC00384700204847002024470020284700200A
:10A2EC0000B583B001210DF10700FFF723FF18B172
:10A2FC009DF8070003B000BD4FF0FF30FAE700BF38
:10A30C00084B00B583B01B788DF8070033B10121E1
:10A31C000DF10700FFF7B2FD03B000BD03F0FF0025
:10A32C0003B000BD08490020034B1B780BB1FFF7AD
:10A33C00A5BD03F0FF007047084900202DE9F0414E
:10A34C0000240D4E01230D4DA0460D4F33703B786C
:10A35C002846A34205D0FFF76BFC030658BF08F54F
:10A36C00006801342035042CF1D1BFF34F8F00234A
:10A37C0040463370BDE8F08106490020803C002047
:10A38C0005490020204B1B7813B1204B1A8802B9C9
:10A39C0070471F4BC2F500621E481F4930B51B7831
:10A3AC0083B01E4C00EB431001EBC3210123054687
:10A3BC0023700023CDE90012FFF7FCFBDDE900124E
:10A3CC000A44BFF34F8F4FF0E023C3F8701F2031C6
:10A3DC008A42FAD8BFF34F8FBFF36F8F0420294600
:10A3EC00FFF700FC0A49002208480B780280013371
:10A3FC00DBB2042B28BF13460B70BFF34F8F074BF8
:10A40C001A7003B030BD00BF08490020F648002088
:10A41C0005490020803C00208010202006490020A7
:10A42C002E4B2DE9F0411E7886B1DFF8C88098F8E4
:10A43C0000305BB90123F10788F8003040D4B20733
:10A44C0027D4002388F80030730701D4BDE8F081CD
:10A45C00234B1A68002AF9D0EFF30582002AF5D1B4
:10A46C00EFF3108572B61868002830D01D4C217897
:10A47C0000292CD10122227042691A60002A2AD0AC
:10A48C00916105B962B600258368457798472570B8
:10A49C00DCE7154B1B78002BD3D0144F002557F855
:10A4AC00044F236820461B69984710B163699B6869
:10A4BC0098470D4B01351A78EBB29A42EFD8C0E7AA
:10A4CC00FFF7C8FE0028BAD0AFF30080B7E7002D25
:10A4DC00BCD162B6BAE7064B1A60D2E70B49002032
:10A4EC0040410020FA480020FB4800201C3B002083
:10A4FC004C410020FC480020074A506A936A1946D8
:10A50C008446506A936A9942F9D18445F7D1DB0BA2
:10A51C0043EA4040704700BF00400D4008B5D0E909
:10A52C0000325BB1BAB10F4BA3FB0213DB0803EB98
:10A53C004303B2EB83030AD1012008BD094BA3FBF3
:10A54C000213DB0803EB4303B2EB830301D0D21AF3
:10A55C004260F02AF0D802F025FC1C2203460020B1
:10A56C001A6008BDABAAAAAA30B583B060B3044682
:10A57C0021B11D46B2FA82F35B09A2B9206818B367
:10A58C0062680AB3164B174902FB03F3B1EBB30F26
:10A59C001AD3A368FBB9002323606360A360E36054
:10A5AC00012003B030BD0193069BC0E90012C360CB
:10A5BC00FFF7B4FF60B1002DF2D0626801992068FA
:10A5CC00A56002F09DFAEBE702F0ECFB16230360AA
:10A5DC00002003B030BD002102F092FADBE700BF8F
:10A5EC00ABAAAAAA5555551500F000B810EE903A32
:10A5FC0023F00041B1F1FF4FF0EE407A33D810EE6A
:10A60C0010CA2CF00040B0F1FF4F2CD8B3F17E5F94
:10A61C003CD09A1702F0020242EADC7230B369B302
:10A62C00B1F1FF4F3DD0B0F1FF4F34D000B5401A1F
:10A63C00B0F1F45F83B04FEAE05129DA002B3DDA38
:10A64C003C313BDA9FED310A012A40D0022A45D039
:10A65C003AB19FED2F7ADFED2F7A30EE070A30EE0C
:10A66C00670A03B000BD30EEA70A7047022A0AD071
:10A67C009FED297A032A07FE000A70478C450DDBF3
:10A68C009FED260A70479FED230A704700F050B8E3
:10A69C009FED220AD8E7BCF1000FF1DA9FED200AFA
:10A6AC007047B0F1FF4F02F1FF3220D0022A26D8BA
:10A6BC001C4B03EB820393ED000A704787EEA00A54
:10A6CC00019200F011F900F033F8019ABCE710EE9A
:10A6DC00103A03F1004300EE103AC2E79FED0C7AFA
:10A6EC00DFED0C7A30EE070A37EEC00AB9E7022A22
:10A6FC0008D80D4B03EB820393ED000A70479FEDD6
:10A70C00030A70479FED090A704700BF0000000064
:10A71C002EBDBB33DB0F4940DB0F49C0DB0FC93FFC
:10A72C00DB0FC9BF8406002078060020DB0F493FF1
:10A73C0010EE102A22F00043B3F1A14FF0EE407A54
:10A74C0007D3B3F1FF4F56D8002A7CDD9FED530A97
:10A75C00704700B552498B4283B05BD8B3F1445F6C
:10A76C004CD34FF0FF3327EEA76A9FED4E5A9FED67
:10A77C004E7ADFED4E5ADFED4E4A66EE066A591CF4
:10A78C00A6EE857AE6EEA54A9FED4A5ADFED4A5AC7
:10A79C00A7EE265AE4EEA65A9FED487ADFED484A1A
:10A7AC00A5EE267AE5EEA64A9FED465ADFED465A0F
:10A7BC00A7EE265A9FED457AA4EEA67AE5EE265A28
:10A7CC0027EE267AA5EE867A27EE277A42D04048E5
:10A7DC00404900EB8300D0ED006A37EE667A01EB5E
:10A7EC008303D3ED006A37EE677A002A36EEC70A88
:10A7FC002CDB03B000BD30EE000A70479FED367ABB
:10A80C0030EE077AF7EE006AB4EEE67AF1EE10FA63
:10A81C00A7DDEEE7CDE9003200F066F82F49009B8A
:10A82C00019A8B421AD8A1F5D0018B422BD8F0EEAD
:10A83C00007ABFEE007AA0EE277A002330EE270ACA
:10A84C00C7EE007A8FE79FED260A7047B1EE400AFB
:10A85C0003B000BD37EEC70A03B000BD21498B42DF
:10A86C000BD8F7EE087AB7EE007AA0EE277A02231F
:10A87C0030EE670AC0EE077A75E7BFEE007AC7EED6
:10A88C00007A03236FE7F7EE007A30EE677A30EE4A
:10A89C00270A0123C7EE007A65E700BFDB0FC93F2B
:10A8AC00FFFFDF3ED769853C59DA4B3D21A215BD30
:10A8BC006BF16EBD356B883D95879DBD6E2EBA3D97
:10A8CC00388EE3BD2549123EABAAAA3ECDCC4CBE78
:10A8DC00EC220020DC220020CAF24971FFFF973FD6
:10A8EC00DB0FC9BFFFFF1B4010EE103A23F00043F3
:10A8FC0000EE103A704700BF03460846194602F0B6
:10A90C0023BA00BF81F0004102E000BF83F0004396
:10A91C0030B54FEA41044FEA430594EA050F08BFEE
:10A92C0090EA020F1FBF54EA000C55EA020C7FEAB2
:10A93C00645C7FEA655C00F0E2804FEA5454D4EB2F
:10A94C005555B8BF6D420CDD2C4480EA020281EAF9
:10A95C00030382EA000083EA010180EA020281EA31
:10A96C000303362D88BF30BD11F0004F4FEA013183
:10A97C004FF4801C4CEA113102D0404261EB410192
:10A98C0013F0004F4FEA03334CEA133302D0524218
:10A99C0063EB430394EA050F00F0A780A4F10104D4
:10A9AC00D5F1200E0DDB02FA0EFC22FA05F280180E
:10A9BC0041F1000103FA0EF2801843FA05F35941F4
:10A9CC000EE0A5F120050EF1200E012A03FA0EFC73
:10A9DC0028BF4CF0020C43FA05F3C01851EBE3719D
:10A9EC0001F0004507D54FF0000EDCF1000C7EEBBA
:10A9FC0000006EEB0101B1F5801F1BD3B1F5001FF8
:10AA0C000CD349085FEA30004FEA3C0C04F1010416
:10AA1C004FEA445212F5800F80F09A80BCF1004F3F
:10AA2C0008BF5FEA500C50F1000041EB045141EAC1
:10AA3C00050130BD5FEA4C0C404141EB0101013C8A
:10AA4C0028BFB1F5801FE9D291F0000F04BF014679
:10AA5C000020B1FA81F308BF2033A3F10B03B3F14B
:10AA6C0020020CDA0C3208DD02F1140CC2F10C02DB
:10AA7C0001FA0CF021FA02F10CE002F11402D8BF39
:10AA8C00C2F1200C01FA02F120FA0CFCDCBF41EA05
:10AA9C000C019040E41AA2BF01EB0451294330BDD4
:10AAAC006FEA04041F3C1CDA0C340EDC04F11404B1
:10AABC00C4F1200220FA04F001FA02F340EA030088
:10AACC0021FA04F345EA030130BDC4F10C04C4F1CE
:10AADC00200220FA02F001FA04F340EA03002946AE
:10AAEC0030BD21FA04F0294630BD94F0000F83F4F8
:10AAFC00801306BF81F480110134013D4EE77FEADB
:10AB0C00645C18BF7FEA655C29D094EA050F08BF26
:10AB1C0090EA020F05D054EA000C04BF1946104607
:10AB2C0030BD91EA030F1EBF0021002030BD5FEA4B
:10AB3C00545C05D14000494128BF41F0004130BD73
:10AB4C0014F580043CBF01F5801130BD01F00045C7
:10AB5C0045F0FE4141F470014FF0000030BD7FEA3A
:10AB6C00645C1ABF194610467FEA655C1CBF0B4635
:10AB7C00024650EA013406BF52EA033591EA030F4C
:10AB8C0041F4002130BD00BF90F0000F04BF002144
:10AB9C00704730B54FF4806404F132044FF0000577
:10ABAC004FF0000150E700BF90F0000F04BF0021F0
:10ABBC00704730B54FF4806404F1320410F0004556
:10ABCC0048BF40424FF000013EE700BF42004FEA51
:10ABDC00E2014FEA31014FEA02701FBF12F07F43CE
:10ABEC0093F07F4F81F06051704732F07F4208BF85
:10ABFC00704793F07F4F04BF41F40021704730B58C
:10AC0C004FF4607401F0004521F000411CE700BFD7
:10AC1C0050EA010208BF704730B54FF000050AE05A
:10AC2C0050EA010208BF704730B511F0004502D55B
:10AC3C00404261EB41014FF4806404F132045FEA5D
:10AC4C00915C3FF4D8AE4FF003025FEADC0C18BF06
:10AC5C0003325FEADC0C18BF033202EBDC02C2F1F8
:10AC6C00200300FA03FC20FA02F001FA03FE40EA8A
:10AC7C000E0021FA02F11444BDE600BF10B5A1FB91
:10AC8C00021482B074BB00F03DF8034670B350F868
:10AC9C00042C22F00302043A242A10D8132A16D9C1
:10ACAC001B2AC0E900441AD9242AC0E902440ABF6D
:10ACBC00C0E9044400F1100100F1180108E021463C
:10ACCC00019001F01DFF019B184602B010BD01461A
:10ACDC0000221846C1E900228A6002B010BD00F1C2
:10ACEC000801F5E702F05EF80C2303600023184618
:10ACFC0002B010BD024B0146186800F003B800BF4B
:10AD0C00C83400202DE9F04F01F10B02162A85B052
:10AD1C00804624D8102900F2AB8000F0C9FA022535
:10AD2C0018211022B74C2144A1F108004E6886422C
:10AD3C0000F062817268F168B46822F00302324458
:10AD4C00E1608C60516841F001014046516000F0B7
:10AD5C00B5FA06F10804204605B0BDE8F08F32F0D4
:10AD6C00070200F18580914200F28280019200F08E
:10AD7C009FFA019AB2F5FC7FC0F0BA81570A7FD0D6
:10AD8C00042F00F27281970907F139052BB207F1F4
:10AD9C00380CDB009B4C2344A3F108065B689E42F5
:10ADAC0007D10DE00028DF6880F21381BE4207D086
:10ADBC003B46596821F00301881A0F28F2DD6546DD
:10ADCC00236991498B4200F0F1805E6826F00306FE
:10ADDC00B11A0F2900F391818B480029C4E90400B2
:10ADEC0080F27981B6F5007F676880F01981F108EF
:10ADFC0001310FFA81FC76090121B14054F83C0075
:10AE0C0098600F4304EBCC010839D960676044F8B3
:10AE1C003C30C360AB1001269E40BE4236D83E4249
:10AE2C0006D125F0030576003E4205F10405FAD063
:10AE3C0004EBC50A04EBC507A946F9680EE048689F
:10AE4C0020F0030EAEEB020CBCF10F0F0B46C968E1
:10AE5C0000F31881BCF1000F80F22D818F42EED1EE
:10AE6C0009F1010919F0030F07F10807E5D17FE19A
:10AE7C000C23C8F800300024204605B0BDE8F08F44
:10AE8C004FF4007340254FF03F0C83E7A7687968B7
:10AE9C0021F0030393429A4603D3991A0F2900F326
:10AEAC0087805A495A4E0968103111440820CDE95F
:10AEBC00011201F07DFF01994B1E0344454283466C
:10AECC0030681D40B0F1FF3F18BF29464046019144
:10AEDC0001F040FF411C0546DDE9011200F02B8119
:10AEEC0007EB0A0C844500F224814A4B186800EBEE
:10AEFC0001090BF1FF3EC3F8009000F08981306826
:10AF0C0001301BBFA5EB0C0C09EB0C003560186075
:10AF1C0015F00700814600F04881C0F10800054497
:10AF2C00CDE901236B1803EA0E015844401A00EADC
:10AF3C000E06314640469B4601F00CFF421CDDE9F3
:10AF4C00012300F09581401B304440F0010118684A
:10AF5C00A56000EB0609A7426960C3F8009017D002
:10AF6C00BAF10F0F40F25E81AAF10C0121F0070C2F
:10AF7C00796801F0010141EA0C017960052607EBC3
:10AF8C000C01BCF10F0FC1E9016600F26381696825
:10AF9C00214B1E684E4538BFC3F800901F4B1E68EE
:10AFAC004E4501D2C3F800902F46C6E0676831E7E2
:10AFBC00BD1841F0010142F001027A604046A560E3
:10AFCC00696000F07BF907F10804204605B0BDE884
:10AFDC00F08F9A6801931944D760BA604A6842F0BE
:10AFEC00010240464A6000F069F9019B03F1080434
:10AFFC00204605B0BDE8F08FCE68B1427FF49AAE22
:10B00C000235DDE67028002078280020204300203F
:10B01C00B4340020F0420020184300201C430020D0
:10B02C00B6F5206F4FEA56207CD3142800F2D3805B
:10B03C0000F15C0109B25B30C90004EB010C6158F2
:10B04C00ACF1080C8C4503D1A8E089688C4504D080
:10B05C00486820F00300B042F7D8D1F80CC0C3E91F
:10B06C00021CCCF80830CB60D4E6142F72D9542FC4
:10B07C0000F2BA80170B07F16F052BB207F16E0CBB
:10B08C00DB0087E69D1842F001025A609E68864AF2
:10B09C00F1608E60C4E90455C5E902224CF001024E
:10B0AC006A60404643F80EC0019300F007F9019B1B
:10B0BC0003F10804E0E69E441C46DEF8043043F03D
:10B0CC000103CEF8043054F8083F4046D9608B6039
:10B0DC0000F0F4F8D0E61E4440467268019342F04A
:10B0EC000102726000F0EAF8019B03F10804C3E668
:10B0FC00D508691C09B2C90014E69D1842F001027A
:10B10C005A60694A0193C4E90455C5E9022241F029
:10B11C0001026A604046995100F0D0F8019B03F19E
:10B12C000804A9E6B00900F1390109B23830C900A8
:10B13C0083E7A74263D0A768796821F003009042A7
:10B14C00A0EB020102D30F293FF732AF404600F0CB
:10B15C00B5F890E607F15C052BB207F15B0CDB0050
:10B16C0018E6514651F808398B428A4640F09A80CD
:10B17C0015F0030F05F1FF35F3D1636823EA0603DD
:10B18C00636076009E423FF681AE1EB97EE6760085
:10B19C0009F104091E42FAD04D4649E680100126F9
:10B1AC0006FA00F00743676059E7CDE902236B18F4
:10B1BC0003EA0E01ABEB010606EA0E0631464046E9
:10B1CC00019301F0C7FD431C019B04BF4E4618467A
:10B1DC00DDE90223B7E6542827D8300B00F16F01C4
:10B1EC0009B26E30C90028E7B7F5AA7F27D8D70B6C
:10B1FC0007F178052BB207F1770CDB00CAE52B4B76
:10B20C00186800EB01090BF1FF3EC3F8009076E6DD
:10B21C0015EA0E0F7FF473AEA568514441F001019D
:10B22C006960B5E601236B6090E7B0F5AA7F25D87D
:10B23C00F00B00F1780109B27730C900FDE640F25D
:10B24C0054539F4224D8930C03F17D0503F17C0CDD
:10B25C00EB009FE507F108014046CDE9012301F021
:10B26C0003FFA568029B6968D3F80090019A8FE6EA
:10B27C00A9F108010BEB0100002664E640F25451E1
:10B28C0088420BD8B00C00F17D01C9007C30D4E6AB
:10B29C004FF47E737F254FF07E0C7BE54FF47E716F
:10B2AC007E20CAE663686CE778280020F042002014
:10B2BC00014801F0B5BD00BFE8420020014801F093
:10B2CC00B1BD00BFE8420020002900F09F802DE9AD
:10B2DC00F04383B00C4600928046FFF7E9FF0099DB
:10B2EC0001F10B03162B60D81023994260D854F847
:10B2FC0004EC2EF003029A42A4F1080565DAB34877
:10B30C00806805EB020C6045DCF8046000F090806E
:10B31C0026F0010060444068C0076CD426F0030698
:10B32C00901983424CDD1EF0010F0FD154F8080C1C
:10B33C00281A0746406820F0030006441644B3421E
:10B34C0040F3EF801618B34240F3C9804046CDE974
:10B35C000023FFF7D7FCDDE900230646002800F0A8
:10B36C00178154F8041C21F001012944A0F1080CA8
:10B37C00614500F0AE80043A242A00F2CE80132AF4
:10B38C0000F29C800346224611681960516859608E
:10B39C0092689A602146404601F066FE4046FFF7EF
:10B3AC008DFF304603B0BDE8F08333F007039CD526
:10B3BC000C23C8F800300026304603B0BDE8F083FB
:10B3CC000246DCE90201C16088606968D01A0F2866
:10B3DC0001F0010105EB02061BD81143696073688B
:10B3EC0043F0010373604046FFF768FF2646304682
:10B3FC0003B0BDE8F0831EF0010FA7D154F8080C80
:10B40C00281A0746406820F003009BE71146FFF717
:10B41C0079BC19436960E91840F001004860736811
:10B42C0043F0010308317360404601F01DFEDAE77A
:10B43C0026F00306B01803F1100C604580F28B80E7
:10B44C001EF0010F82D154F8080C281A07464068E8
:10B45C0020F0030006441644B445B1463FF772AFE2
:10B46C003E46F96856F8080F043A242AC1608860F1
:10B47C0000F2A580132A40F2A0802168B9606168AF
:10B48C00F9601B2A00F2A480083407F1100221682D
:10B49C00116061685160A1689160F918A9EB030211
:10B4AC004A4D42F00102A9604A607A6802F001023A
:10B4BC00134340467B60FFF701FF98E72368036066
:10B4CC00636843601B2A3BD804F1080200F10803AF
:10B4DC005AE750F8041C21F003010A4475E7043ABA
:10B4EC003D46F96855F8080F242AC160886020D8B9
:10B4FC00132A1CD92168B9606168F9601B2A3DD8F0
:10B50C00083407F110022168116061685160A1686C
:10B51C0091602C4632463D4657E7214601F05EFAD3
:10B52C0038E7DCE90201043AC1608860D8E72A46B2
:10B53C00E9E721462846009301F050FA009BE8E722
:10B54C00A3688360E368C360242A25D004F1100249
:10B55C0000F1100318E71D4A1D449560C21A42F011
:10B56C0001026A6054F8042C02F0010213434046B5
:10B57C0044F8043CFFF7A2FE264638E7A16839617F
:10B58C00E1687961242A10D0103407F11802BAE767
:10B59C004046FFF793FE0EE7236903616169416141
:10B5AC0004F1180200F11803EEE62269BA6162692F
:10B5BC00FA61183407F12002A5E7324667E7214605
:10B5CC003046009301F00AFA009B66E770280020D1
:10B5DC00A1683961E1687961242A03D0103407F13C
:10B5EC00180254E72269BA616269FA61183407F1EA
:10B5FC0020024CE7000000002DE9F04F2DED068BEA
:10B60C00804697B0184600240023CDE904348946BF
:10B61C000021924612914A461192164612F8013BAD
:10B62C002D2B5FD801A151F823F000BF1D92000013
:10B63C00A5900000A5900000A5900000A59000002A
:10B64C00A5900000A5900000A5900000A59000001A
:10B65C00D98F0000D98F0000D98F0000D98F00003E
:10B66C00D98F0000A5900000A5900000A5900000C7
:10B67C00A5900000A5900000A5900000A5900000EA
:10B68C00A5900000A5900000A5900000A5900000DA
:10B69C00A5900000A5900000A5900000A5900000CA
:10B6AC00A5900000A5900000A5900000D98F000087
:10B6BC00A5900000A5900000A5900000A5900000AA
:10B6CC00A5900000A5900000A5900000A59000009A
:10B6DC00A5900000A5900000BB940000A590000070
:10B6EC00CF94000000220692302B00F082800022C2
:10B6FC0007922F2B40F2C5844FF0000B1F463046AB
:10B70C005D465C4616E0082CC8BF0BEB8B0B00F1BA
:10B71C000100C8BF03EB4B031190C8BFA3F1300B62
:10B72C000378D8BFA2F130052F2B04F101041F467A
:10B73C0040F3A28005EB8502392B03EB4202E2DDDC
:10B74C00B3490893012201F087FA002860D1119ABD
:10B75C00531C119351781A460846002C40F0DB809C
:10B76C00302840F00F8513460022013311931878CE
:10B77C003028114602F10102F7D0A0F13104082C57
:10B78C0000F2AE818A1C0992A0F1300C1E464FF0DB
:10B79C00000E012405EB85050CEB45050022013359
:10B7AC0011931978A1F13000092802F1010700F278
:10B7BC0035848446002800F0FB860999012F394412
:10B7CC00099100F0F886671C394606E04500013106
:10B7DC00081B0138824240F34484481E082805EBBC
:10B7EC008500F3DD0BEB8B0040001029D8BF83469E
:10B7FC00EDE7737803F0DF03582B00F0D7830136A5
:10B80C0011963378302BFAD06BB10122079270E786
:10B81C00089B652B1AD0452B18D0002C32D1079BD6
:10B82C00002B00F0B7809FED788BBAF1000F02D09F
:10B83C00119BCAF80030069BBBB1B1EE488BB0EE41
:10B84C00480B17B0BDEC068BBDE8F08F002C72D105
:10B85C00A6460994079B002B40F0BB829FED6A8B98
:10B86C00BAF1000F01D0CAF80090B0EE480B17B037
:10B87C00BDEC068BBDE8F08F6549012201F0ECF9B7
:10B88C00002844D007EE905AB8EE677B092C8DED5A
:10B89C00047B40F3A3820022102C23460892A8BFFD
:10B8AC001023A646914609925A4A02EBC30212EDA6
:10B8BC00125B06EE90BA0F2CB8EE666BA5EE076B1A
:10B8CC008DED046B00F3AC80089A002A00F08682A0
:10B8DC00089A40F36E82162A40F31E840899C4F12C
:10B8EC0025028A42C0F29C804A4BC4F10F040A1B09
:10B8FC0003EBC40403EBC20394ED008B93ED007BCC
:10B90C009DED046B28EE068B28EE078B8DE7119AC4
:10B91C00531C11935178A1F13002092A00F2D58001
:10B92C000992A646002A00F040860121DDF824C0C9
:10B93C000991224697E30022CDE90822119BA646E5
:10B94C00591C11915F782B2F00F0BC802D2F00F02B
:10B95C00B3804FF0000CA7F13009B9F1090F36D8BC
:10B96C00302F119940F0D880013111910F78302F80
:10B97C00FAD0A7F13100082840F2CC804FF0000932
:10B98C005CBB079911437FF44EAF089A002A40F034
:10B99C00F4839946692F00F0CF8300F3C883492FB5
:10B9AC0000F0CA834E2F7FF459AF1B4911A801F048
:10B9BC00BBFF00283FF452AF119B1B78282B00F0E3
:10B9CC002385164801F0ECFAB0EE408B2DE711936D
:10B9DC004FF00009D4E74FF0000907EE905A099B8D
:10B9EC00B8EE677BA9EB0303BEF1000F08BFA646B8
:10B9FC00102C08932346A8BF1023092C8DED047B33
:10BA0C003FF752AF60E700BF0000000000000000ED
:10BA1C0080180020A802002090180020F0110020AF
:10BA2C00089AE31A1344002B40F3998023F00F0279
:10BA3C0013F00F0340F00683B2F59A7F00F3928364
:10BA4C00102A4FEA221300F0F38455489DED047B35
:10BA5C000021024613F0010F01F101014FEA6303CB
:10BA6C0003D092ED006B27EE067B012B02F108024E
:10BA7C00F0D18DED047B059BA3F15473059300EB82
:10BA8C00C1009DED046B90ED007B464B27EE067BD1
:10BA9C0017EE902A444913408B428DED047B00F243
:10BAAC006183A1F580118B4240F262843F4B4FF0D1
:10BABC00FF32CDE9042354E04FF0010C991C119195
:10BACC009F7848E74FF0000CF8E701F0DF014529BB
:10BADC007FF4D8AE00220121A646099208912FE7E7
:10BAEC0000F0DF0045287FF49EAE4FF0000E0121E0
:10BAFC00CDF824E07446089122E700230693721CCB
:10BB0C0011927378002B3FF4A9AE1646ECE5012395
:10BB1C000693F4E7A7F13009481C11904F782F2FAA
:10BB2C00C8BF0C9307DCC1E20130119007782F2FAE
:10BB3C00A3F1300905DD09EB8903392F07EB43032A
:10BB4C00F2DD401A08280C9B40F3B08244F61F69C2
:10BB5C00BCF1000F3FF414AFC9F1000910E740F03D
:10BB6C00AB8200230793009523467246314640462C
:10BB7C0004F0A6F88346002800F0F482089A099B8A
:10BB8C00CDF83CA0002AA3EB0903A8BF002309931E
:10BB9C004FF0000922EAE2730C934C46CCE000BF54
:10BBAC00800200200000F07F0000A07CFFFFEF7FF0
:10BBBC00991A1F3B9A42A5EB0105C0F2798101222B
:10BBCC0002FA01F30A9300230D932F44079B55446B
:10BBDC00AA4552461F44A8BF2A46BA42A8BF3A46B5
:10BBEC00002A03DDAD1ABF1AAAEB020A099B002B2F
:10BBFC0000F30381002D00F31A81089B002B00F346
:10BC0C004D81002F00F33D81BAF1000F08DD214674
:10BC1C005246404604F060FA0446002800F03A818F
:10BC2C0012993246404604F0EDFA8146002800F0A5
:10BC3C0031810023C768C360214604F0C3FA002891
:10BC4C00C0F29B83059D00F036832146484604F0E4
:10BC5C008BFCB0EE007BB4EEC70BF1EE10FA00F2E9
:10BC6C00C080002F40F02C81049B002B40F0C88139
:10BC7C00C5F31303002B40F05781B7EE007BB4EEF5
:10BC8C00C70BF1EE10FA00F1D082B6EE007B20EE7D
:10BC9C00077BB0EE47ABB1EE477BBD48DFF808C37E
:10BCAC002840604553EC172B00F00F810799F1B138
:10BCBC00B0F1D46F1BD89FEDB06BB4EEC6ABF1EE08
:10BCCC0010FA11D8BCEECA7B17EE103A012B38BF14
:10BCDC00012307EE103AB8EE477BB0EE47AB0FB935
:10BCEC00B1EE477B53EC172B03F1D6610B1AB0EE78
:10BCFC00480B43EC192B0A9004F044FBA9EE008B83
:10BD0C008DED048B18EE905A0A98079B23B9A04B23
:10BD1C002B40984200F00F811299404603F074FFBB
:10BD2C003146404603F070FF2146404603F06CFF5D
:10BD3C004946404603F068FFDBF80410404603F028
:10BD4C0039FF0646002800F0A580DBF810200232EF
:10BD5C0092000BF10C010C30FCF798FE9DED048B5E
:10BD6C0014AA13A94046B0EE480B04F09DFB1290A8
:10BD7C00002865D00121404604F060F804460028F4
:10BD8C0000F08880139A002A76DB099B0C9F02EB4B
:10BD9C00030A079B149DD21A2A447E4B013A9A42FD
:10BDAC00C5F13605FFF604AF00230D9301230A936A
:10BDBC000BE71632FFF634AE099BA3EB0909764B61
:10BDCC0003EBC90393ED007B9DED046B86EE078BB3
:10BDDC002BE508940024119B2246B1E59DED048BC4
:10BDEC0023E5B6EE007B20EE077BB0EE47AB002FD1
:10BDFC007FF453AFB1EE477B4FE721461A464046DE
:10BE0C0004F00EF904461298D4B10246214640467D
:10BE1C0004F042F80246129892B1014640460E9246
:10BE2C0003F0F2FE0E9A1292002D7FF7E6AE1299F5
:10BE3C002A46404604F050F9129000287FF4DDAEFB
:10BE4C00DDF83CA09FED4E8B2223C8F80030014654
:10BE5C00404603F0D9FE3146404603F0D5FE21465C
:10BE6C00404603F0D1FE5946404603F0CDFE49460C
:10BE7C00404603F0C9FED8E40C9BDDF824A09F1AC1
:10BE8C0087E731463A46404604F026F90646002834
:10BE9C007FF4BAAEDDF83CA01298D3E731460C9A89
:10BEAC00404604F0BDF8064600287FF4AAAEF1E740
:10BEBC003A49891A012202FA01F30D930A9284E697
:10BECC00B7EE007BB0EE47ABE7E6A5F154730593F4
:10BEDC009DED046BB0EE460B8DED0A7B8DED046B86
:10BEEC000D9004F04FFA9DED046B9DED0A7B2849F3
:10BEFC00A0EE076B16EE905A294B0D9829409942EB
:10BF0C008DED046B40F29A8018EE902A03F1547375
:10BF1C009A4203D118EE103A0133BBD0214B4FF0AB
:10BF2C00FF32CDE90423F7E6B7EE006BBFEE007BE2
:10BF3C00B0EE46ABB1E651EC1A0B07F041FBFEF745
:10BF4C006FFE049B41EC170B1F43C5F313052F43E6
:10BF5C003AEE477B44D19FED0C6BB4EEC67BF1EE11
:10BF6C0010FA7FF5D9AE9DED048BDDF83CA012984C
:10BF7C006DE700BFAFF300800000C0FFFFFFDF41A3
:10BF8C00000000000000F07F9535A094FFFFCF3F2C
:10BF9C000000F07F02FCFFFFA8020020E2FBFFFF85
:10BFAC00FFFF9F7CFFFFEF7F0000E07F069B01936C
:10BFBC0012AB02900093AC4A13AB11A9404601F0AE
:10BFCC00BBF910F00F0504463FF42DAC062D40F0E4
:10BFDC00E880013600239FED9C8B1196069324E498
:10BFEC009FED9B6BB4EEC67BF1EE10FABBD49FEDCC
:10BFFC009A6BB4EEC67BF1EE10FA7FF78DAEB2E71A
:10C00C00049B012B90D1002D8ED1DDF83CA0129811
:10C01C0022239FED8D8BC8F8003018E701F0DF016B
:10C02C00452900F0A380002C7FF4D5AC079B1A4364
:10C03C009FED858B3FF414ACFFF7F7BB05F15475FE
:10C04C00059562E6894901EBC3039DED046B93ED05
:10C05C00007B27EE067B8DED047B002A3FF481AD3F
:10C06C00EAE4013A3A44082A02F101047FF792AB60
:10C07C00102CDCBF0BEB8B0B0CEB4B0B0022FFF7EC
:10C08C008EBB7B490122304600F0E6FD40B9119A87
:10C09C00134601321192834605465878FFF760BB70
:10C0AC00079B002B3FF4DAABFFF7BDBB44F61F61D7
:10C0BC008945A8BF89464BE55B421A1113F00F0363
:10C0CC000DD06A4901EBC3039DED046B93ED007B2E
:10C0DC0086EE077B8DED047B002A3FF442AD1F2AD0
:10C0EC0000F3418112F0100318BF6A2307939DEDF2
:10C0FC00047B604B01E052100833D00703D452107C
:10C10C000833D107F7D593ED006B521027EE067B61
:10C11C0000F0B8800833F4E7544B03EBC20393ED03
:10C12C00008B9DED047B28EE078BFFF77EBB6E2FFB
:10C13C003FF43BACFFF792BB4F4911A801F0F4FB65
:10C14C0000283FF48BAB119B4C49013B11A8119378
:10C15C0001F0EAFB10B9119B013311939FED408B59
:10C16C00FFF763BB2223C8F80030F7E7002C00F080
:10C17C00EA8101210891FFF7E3BB9FED338B9946D0
:10C18C00FFF76EBBA0F13103082B55D920F020002E
:10C19C00452885D14FF0000ECDF824E00124FFF79F
:10C1AC0059BB129A3AB1352114A804F00FFA12991E
:10C1BC00404603F029FD013D042D00F2FE81DFE82D
:10C1CC0005F0032E2B200300149B0493139B03F206
:10C1DC003342159B23F4801343EA02530593E40581
:10C1EC0002D543F000430593254A1A409DED048B7C
:10C1FC00002A7FF41AAB00F0D5FD22230360FFF771
:10C20C0014BB4FF0FF326FF00043CDE90423E3057C
:10C21C007FF5E4AD059BE4E7194B0593F7E7DDE902
:10C22C001412159BCDE90412D9E7B6EE006BBEEEE5
:10C23C00007BB0EE46AB30E5134601220992FFF7C6
:10C24C00A3BA00BFAFF300800000000000000000A4
:10C25C009535A094FFFFDF3F35E5AF350000E03F9B
:10C26C00000000000000F07F8C260020A8020020B7
:10C27C0080180020700300208418002088180020EB
:10C28C000000F07F079B8DED047B002B65D017EE33
:10C29C00900AC0F30A51C1F16B03002B5DDD1F2B1B
:10C2AC0052DD342B049240F3FE804FF05C73059307
:10C2BC006A23079357E40A9ADDF834C0DDF83CA0F2
:10C2CC00B349C5F31303002F00F08C808B4200F0B0
:10C2DC00DD80BCF1000F00F0D4801CEA050F2FD0DC
:10C2EC00B0EE480B04F04EF8079B002B00F01281C7
:10C2FC00C5F30A53C3F16B03002B40F353811905AB
:10C30C0001F17F53002203F5401343EC172BA0EEF1
:10C31C00078B9FED9B7B9F4B28EE078B18EE902A8B
:10C32C001340002B7FF423AE2223C8F800301EE606
:10C33C00BCF1000F00F085801CEA050F40F08480F2
:10C34C00079B002BE5D112E64FF0FF329A4017EE17
:10C35C00103A134004939DED047BB5EE407BF1EE57
:10C36C0010FA7FF400AC2223C8F80030FFF75BBA58
:10C37C0002F154730593FFF7F4BBDDE904120F438C
:10C38C00DDF83CA0DCD1C2F313031546002BD7D14A
:10C39C0022F000473F0D3F05B7F1D66FD0D9D9F841
:10C3AC0014301BB9D9F81030012BC9DD49460122D4
:10C3BC00404603F091FE2146814603F003FF00281E
:10C3CC00BEDD079B002B00F08180A7F580176FEA7C
:10C3DC0017536FEA035305934FF0FF3304939DED0E
:10C3EC00048B96E743BBDDE90401034600289FD18B
:10C3FC00079B002B6AD0674F2F40B7F1D66FE4D85C
:10C40C00B7F15C7F85D802E6634911A814AA01F044
:10C41C00ABFA05287FF4D5AA159B43F0FF4343F4F0
:10C42C00E0030593149B04939DED048BFFF7FDB97A
:10C43C005A480021FFF71FBBBCF1000F7FF47CAF03
:10C44C00049B1A423FF47CAFB0EE480B03F09AFF0A
:10C45C00079B93B3C5F30A53C3F16B03002B76DD33
:10C46C00190501F17F53002203F5401343EC172B00
:10C47C00A0EE478BB5EE408BF1EE10FA7FF449AF8E
:10C48C00C5E5049B1A423FF45BAF29E7079B04996F
:10C49C0063BB4F1C31D0BCF1000F61D01CEA050FFF
:10C4AC003FF465AD1CE7C1F14B014FF0FF338B40FE
:10C4BC00034005939DED047B4FE738EE408BB5EEC2
:10C4CC00408BF1EE10FA7FF452ADA0E5314B12988F
:10C4DC002B40A3F580136FEA13536FEA03530593B4
:10C4EC004FF0FF3304939DED048BB0E4294B2B40AC
:10C4FC00B3F1D46F12D9481C19D1294B9D4233D0BA
:10C50C00244B2B4003F580130593002304939DEDDE
:10C51C00048B15E7129838EE008B98E41B0DC3F1D1
:10C52C006B034FF0FF3000FA03F39942E5D0BCF1F6
:10C53C00000F04D01CEA050F3FF4EBAED0E611421D
:10C54C003FF4E7AECCE6002A3FF428AE11E638EE15
:10C55C00408BB5EE408BF1EE10FA7FF4DAAE56E577
:10C56C0011423FF404ADBBE60131C9D122239FED4A
:10C57C00068B1298C8F8003069E400BFAFF3008056
:10C58C000000000000005039000000000000F07FA7
:10C59C00FFFF0F000000F07FA0260020800200208B
:10C5AC00FFFFEF7F38EE008BB3E60122FFF7F7B801
:10C5BC003A46FFF7F4B8224655E5E50505D54FF0A8
:10C5CC00004305939DED048B15E69FED018B12E660
:10C5DC00000000000000000010B5234C234B0A465D
:10C5EC0001462068FFF708F8B4EE400BF1EE10FAA4
:10C5FC0027D6F7EEC07B9FED1E7AF0EEE76AF4EEDD
:10C60C00476AF1EE10FA0EDDB0EEC05B9FED146BD5
:10C61C00B4EE465BF1EE10FA05DC236822221A60B8
:10C62C00B0EE670A10BD17EE903A13F0FF4FF7D13A
:10C63C0010EE902A0F4B1340002BEED1B0EE670A90
:10C64C0010BD10EE903A002B0B4804DA00F0B0FC51
:10C65C00F1EE407AE4E7BDE8104000F0A9BC00BF61
:10C66C00FFFFFFFFFFFFEF7FC83400206032002088
:10C67C00FFFF7F7F0000F07FF0110020242B2DE9BD
:10C68C00F84F42D8012B884619463ED091464B4A6A
:10C69C0082461E46C64670461EF8017BD35D13F0DB
:10C6AC000803F8D12D2F70D02B2F05BF9EF80070EA
:10C6BC009B469B4600F1020E6FF0004361BB302F8E
:10C6CC004DD00A2631460022B3FBF6F4104606FB89
:10C6DC00143505E03CD006FB00C001221EF8017B9E
:10C6EC00A7F1300CBCF1090F06D9A7F1410CBCF134
:10C6FC00190F17D8A7F1370C61451CDD571CEDD06D
:10C70C008442E7D24FF0FF32E8E700F04BFB1623F0
:10C71C0003600020BDE8F88F1029D4D1302F27D02A
:10C72C000E46D0E7A7F1610CBCF1190F03D8A7F1A5
:10C73C00570C6145E2DC511C30D0BBF1000F0CD121
:10C74C00B9F1000FE6D0AABBC9F80080BDE8F88F9C
:10C75C006545C0DA4FF0FF32C0E74042F0E79EF883
:10C76C00002002F0DF02582A08D008263146AAE73A
:10C77C009EF8002002F0DF02582AD1D110269EF834
:10C78C00017031460EF1020E9DE79EF800704FF0DD
:10C79C00004300F1020E4FF0010B8FE72222CAF882
:10C7AC000020B9F1000F07D00EF1FF381846C9F878
:10C7BC000080CBE70346F7E71846ABE7D92100200A
:10C7CC0000B5DFF818E084461346DEF800005DF88B
:10C7DC0004EB0A466146FFF751BF00BFC834002086
:10C7EC000CB430B5144B0D1E1C689DB01FDB14BF70
:10C7FC0001220022AA1A114B0593002121AB1B9197
:10C80C00029006900492079202A9209A0193204666
:10C81C0001F0AEF9431CBCBF8B23236015B1029B06
:10C82C0000221A701DB0BDE8304002B070478B2357
:10C83C0023604FF0FF30F5E7C83400200802FFFFFB
:10C84C00024A0349034803F00FBF00BFBC34002069
:10C85C00E1E00000782C00200C4B4168994210B5A7
:10C86C00044601D003F05CFFA168094B994202D049
:10C87C00204603F055FFE168064B994204D0204650
:10C88C00BDE8104003F04CBF10BD00BF2443002096
:10C89C008C430020F44300202DE9F843314A324CFC
:10C8AC003249DFF8DC90DFF8DC80314F1160002575
:10C8BC0004232946082204F15C00C4E903352D4EFB
:10C8CC00A560C4E90055C4E90555656600F018F982
:10C8DC0004F15800C4E90749C4E90987E66200F08D
:10C8EC009BFA2946244B6367082204F1C400C4E96F
:10C8FC001A55C4E91E552567C4F8CC50C4F88050AD
:10C90C0000F0FEF804F1680304F1C000C4F88430B0
:10C91C00C4E92298C4E9247600F07EFA174BC4F8D7
:10C92C00DC30294604F596700822C4E93455C4E974
:10C93C003855C4F8D850C4F83451C4F8E85000F055
:10C94C00DFF804F1D003C4E93D87C4F8F09004F596
:10C95C009470C4F8FC60C4F8EC30BDE8F84300F007
:10C96C005BBA00BF5C4400202443002001A20000FD
:10C97C00ADE30000D1E30000090001001200020049
:10C98C0049E300006DE3000010B504460A4800F0CE
:10C99C0047FA636B23B9094B094A1B68626323B1DD
:10C9AC00BDE81040044800F03DBAFFF775FFBDE844
:10C9BC001040014800F036BAEC4200205C440020E4
:10C9CC0019A20000014800F02BBA00BFEC42002075
:10C9DC00014800F027BA00BFEC420020884270B535
:10C9EC0031D98B1883422ED9032A00EB02011DD9B1
:10C9FC0041EA030C1CF0030F1D4618D14FEA920CB0
:10CA0C000CF1FF36A1EB8C048C4653F804ED4CF87A
:10CA1C0004EDA445F9D1C6EB867301EB830105EB5C
:10CA2C00830CACF10403043902F0030252B102F19D
:10CA3C00FF3C6FEA0C0C9C4413F8012D01F8012DFE
:10CA4C006345F9D170BD032A50D941EA00039B0715
:10CA5C004ED10F2A51D922F00F0301F1100601F12A
:10CA6C00100C103B203100F1100E19445CF8104CE6
:10CA7C004EF8104C5CF80C4C4EF80C4C5CF8084C16
:10CA8C004EF8084C5CF8044C4EF8044C0CF1100CAD
:10CA9C008C450EF1100EE9D1F11812F00C0F034475
:10CAAC0002F00F0503F1100325D025F0030CACF1B7
:10CABC00040426461A1F1C198C465CF804EB42F839
:10CACC0004EFA242F9D1043104333144334405F06C
:10CADC000302002AB6D0013A0132013B0A4411F894
:10CAEC0001CB03F801CF9142F9D170BD0346F0E7B9
:10CAFC00013A0346F0E72A46EBE703461546D4E72E
:10CB0C0030B584078646034606D0A2B303F8011B52
:10CB1C00980702F1FF32F8D1032A26D95FFA81FC7B
:10CB2C000CEB0C2C0F2A0CEB0C402AD922F00F0C1E
:10CB3C009C44C3E90000C3E9020010336345F8D1FB
:10CB4C0012F00C0F02F00F0417D04FEA940C0CF1FA
:10CB5C00FF351A4603EB8C0C42F8040B6245FBD1F3
:10CB6C00043304F0030203EB850322B11A4403F8E7
:10CB7C00011B9A42FBD1704630BD2246002AF5D1EA
:10CB8C00F9E71446E1E700BF11F0FF01034600F09E
:10CB9C0003023AD092BB026801EB012303EB03437F
:10CBAC0083EA020C10B51C46A2F1013323EA0203FE
:10CBBC00ACF1013222EA0C02134313F0803F0FD187
:10CBCC0050F804CF8CEA040EACF10133AEF1013213
:10CBDC0023EA0C0322EA0E02134313F0803FEFD03A
:10CBEC00037823B936E010F8013F002B32D099427C
:10CBFC00F9D110BD8A4228D09A0729D01A78184644
:10CC0C000133002AF6D110467047CAB90268A2F166
:10CC1C00013323EA020313F0803F08D150F8042FAC
:10CC2C00A2F1013323EA020313F0803FF6D003781C
:10CC3C005BB110F8013F002BFBD17047990705D071
:10CC4C001A7818460133002AF8D170471846DDE7E8
:10CC5C001846A0E7184610BD8AB340EA01039B07AB
:10CC6C0030B504468E4618D1032A07D815E0043A8D
:10CC7C0023D01CF0803F20D1032A26D92368DEF86C
:10CC8C000050A3F10131AB4221EA030C204671465E
:10CC9C0004F104040EF1040EE9D003780C78A342DD
:10CCAC000FD1013A024406E06BB110F8013F11F8C4
:10CCBC00014FA34205D19042F6D1002030BD104661
:10CCCC007047181B30BD184630BD20467146E4E74E
:10CCDC0010B504460843830701D1032A19D8A4468A
:10CCEC0001F1FF3E07E01EF8011F03F8011B501E67
:10CCFC0031B19C4602466346002AF4D1204610BD51
:10CD0C0094440028FAD003F8011B6345FBD120465C
:10CD1C0010BD0B46A44618681946A0F1013323EA4E
:10CD2C00000313F0803F01F10403D9D1043A032A24
:10CD3C004CF8040BEFD81946D2E700BF014B93F81F
:10CD4C00100270476032002013460A46014602204A
:10CD5C0000F0E2B838B5074C0023054608462360BE
:10CD6C00FCF782FA431C00D038BD2368002BFBD0A3
:10CD7C002B6038BD9C46002038B58C46084C1146BB
:10CD8C0005461A46604600232360FAF7BFFF431C92
:10CD9C0000D038BD2368002BFBD02B6038BD00BF02
:10CDAC009C460020014B1868704700BFC834002017
:10CDBC00082802D14FF48050704708B5FFF7F2FFF6
:10CDCC00162303604FF0FF3008BD00BF70B50E4E48
:10CDDC000E4DAE4208D0761BB610002455F8043B1D
:10CDEC0001349847A642F9D8094E0A4D06F024FCA6
:10CDFC00AE4208D0761BB610002455F8043B013423
:10CE0C009847A642F9D870BD801F0060801F006053
:10CE1C00A81F0060801F0060704700BF704700BFF4
:10CE2C00704700BF704700BF00000000000000000A
:10CE3C0000000000000000000000000000000000E6
:10CE4C0030B490F800F020F007016FF0000C10F0F7
:10CE5C00070491F820F040F048804FF000046FF088
:10CE6C000700D1E9002391F840F000F1080082FAA4
:10CE7C004CF2A4FA8CF283FA4CF3A2FA8CF34BBB6F
:10CE8C00D1E9022382FA4CF200F10800A4FA8CF2E8
:10CE9C0083FA4CF3A2FA8CF3E3B9D1E9042382FAB6
:10CEAC004CF200F10800A4FA8CF283FA4CF3A2FACB
:10CEBC008CF37BB9D1E9062301F1200182FA4CF203
:10CECC0000F10800A4FA8CF283FA4CF3A2FA8CF36A
:10CEDC00002BC6D0002A04BF04301A4612BAB2FA8C
:10CEEC0082F200EBD20030BC7047D1E9002304F091
:10CEFC000305C4F100004FEAC50514F0040F91F8C6
:10CF0C0040F00CFA05F562EA05021CBF63EA050362
:10CF1C0062464FF00004AAE7F0B51D4C83B00546FD
:10CF2C002068019116461F46FFF77AFF194A0199AE
:10CF3C00136823B35A6820681F2A23DC4DB9541C8C
:10CF4C0002325C6043F82210FFF76CFF002003B044
:10CF5C00F0BD03EB820E0124CEF88860D3F8886113
:10CF6C00944046EA040C022DC3F888C1CEF808712F
:10CF7C00E5D1D3F88C512543C3F88C51DFE7064B30
:10CF8C001360D7E7FFF74EFF4FF0FF30DFE700BF2E
:10CF9C005432002050410020544100200000000079
:10CFAC009FED010B704700BF000000000000F87FF0
:10CFBC009FED010A704700BF0000C07FF8B5064620
:10CFCC0008200C46FFF7F4FE07463046FEF770F9D2
:10CFDC00224A93685D6825F00305A5F111031C1B1B
:10CFEC003C44B4FBF7F4013C07FB04F4A74208DC17
:10CFFC0000213046FFF7AEFE184A93682B44984246
:10D00C0004D03046FEF75AF90020F8BD6142304694
:10D01C00FFF7A0FE0130114A0DD0114993682D1B6A
:10D02C0045F001055D600B6830461B1B0B60FEF77D
:10D03C0045F90120F8BD00213046FFF78BFE074A69
:10D04C009268831A0F2BDCDD43F001035360054B10
:10D05C0003491B68C01A0860D3E700BF7028002082
:10D06C00F0420020B4340020002965D02DE9F041B5
:10D07C000C460746FEF71CF954F804EC7D49A4F164
:10D08C00080C2EF001030CEB03028D6850689542DE
:10D09C0020F003000EF0010600F08B801518506094
:10D0AC006D6805F00105A846AEBB54F8084CACEB16
:10D0BC00040C2344DCF8084001F1080E74456BD0D5
:10D0CC00DCF80C50E560AC60B8F1000F00F08C801F
:10D0DC0043F00100CCF804001360B3F5007F35D2A7
:10D0EC00DA0848685C090132012312B2A3400343F9
:10D0FC004B6051F83200CCF8080001EBC203083B3E
:10D10C00CCF80C3041F832C0C0F80CC03846BDE841
:10D11C00F041FEF7D3B885B9034401F1080E9068CD
:10D12C00704543F001047AD0D268C2609060CCF8AC
:10D13C0004404CF80330D0E770474EF00102B3F5D1
:10D14C00007F44F8042C4CF80330C9D3B3F5206F9E
:10D15C004FEA53204AD2980900F1390212B200F179
:10D16C003804D20088188A580838904203D15FE0FE
:10D17C009268904204D0516821F003019942F7D88B
:10D18C00D068CCE90220C0F808C03846C2F80CC000
:10D19C00BDE8F041FEF792B8A5BB1844D2E90223D2
:10D1AC00D3609A6040F00103CCF804304CF80000D6
:10D1BC00ACE7184446B954F8083CACEB030C1844E3
:10D1CC00DCE90223D3609A6040F00103CCF8043010
:10D1DC00294BC1F808C01B68834297D8274B3846A7
:10D1EC001968FFF7EBFE91E7034498E714280FD971
:10D1FC00542824D8180B00F16F0212B200F16E04FF
:10D20C00D200AFE743F00101CCF8041013607DE7C6
:10D21C0000F15C0212B200F15B04D200A2E7C1E99A
:10D22C0004CCCCE902EECCF804404CF803306DE7AA
:10D23C00A4100123A3404C6823434B60A1E7B0F535
:10D24C00AA7F07D8D80B00F1780212B200F177044C
:10D25C00D20087E740F25452904206D8980C00F165
:10D26C007D0200F17C04D2007CE74FF47E727E24B8
:10D27C0078E700BF70280020B8340020204300203D
:10D28C002DE9F041D0F810E0BEEB611F05DC002366
:10D29C00036100234361BDE8F08100F114044E11D9
:10D2AC0011F01F0C04EB8E0504EB860327D054F809
:10D2BC00261004339D4221FA0CF137D9CCF1200809
:10D2CC0027461A6802FA08F20A4347F8042B53F867
:10D2DC00041B9D4221FA0CF1F3D8AEEB060E4FEA7B
:10D2EC008E0EAEF1050E4FEA9E02231D2EF0030E9C
:10D2FC0043F822109E4489B10EF1040E0EE09D42BB
:10D30C0088BF00F11002C2D953F8041B42F8041F65
:10D31C009D42F9D8AEEB060E04EB8E0EAEEB040379
:10D32C009B10A6450361B4D0BDE8F0814161002992
:10D33C00ADD0A646E0E700BF2DE9F04F894609685D
:10D34C0092468A7885B0302A0090029340F01C8275
:10D35C00CB1C1A78302A1C4603F10103F9D0A4EB3C
:10D36C000108A8F10208B04EB35C002B00F0EE806F
:10D37C002378F25C00231D46002A00F06F812746BB
:10D38C0017F8012FB25C002AFAD1A84901930122A7
:10D39C003846FFF761FC019B834600284FD03A7852
:10D3AC00002D00F0C781A5EB070B4FEA8B0B02F0A9
:10D3BC00DF02502A3D464FD0C9F80070002B74D1C3
:10D3CC002A1B013A072A194604DD5210072A01F1DB
:10D3DC000101FADC009802F0EDFB8146002800F018
:10D3EC00988200F11407AC42019780F00082A146AC
:10D3FC004FF00008039000240CE0202C19D021469B
:10D40C0004342A78B25C02F00F028A4048EA02081F
:10D41C004D4553D015F8012D2E2AEED14D45ECD3A8
:10D42C00824901222846FFF717FC0028F0D0202C57
:10D43C00E5D1002147F8048B04248846E1E7002D50
:10D44C0000F095813A7802F0DF02A5EB070B502A29
:10D45C004FEA8B0B3D46AFD16A782B2A00F06881DE
:10D46C002D2A40F0E5800120AA78B15C4A1E182ACA
:10D47C0005F1020700F2E5807A78B25C10390137C9
:10D48C0052B90BE001EB810102EB4102A2F1100158
:10D49C0017F8012FB25C0AB1192AF3DD00B1494229
:10D4AC008B44C9F80070002B8AD0B8F1000F0CBF68
:10D4BC0006240024204605B0BDE8F08FDDF80C9062
:10D4CC0047F8048B019BFF1ABB104046C9F810307B
:10D4DC0002F04AFCDAF80050C0EBC700A84255DC59
:10D4EC00C0F22A81DAF808305B45C0F21881DAF80C
:10D4FC0004309B4580F2A780A3EB0B0BAB4570DA95
:10D50C000BF1FF34002C40F0858126466311019A03
:10D51C0004F01F0452F823200123A3401342A5EB6F
:10D52C000B055946484600F08481FFF7A9FEDAF84E
:10D53C000C40DAF804B0022C00F03981032C00F016
:10D54C009281012C00F08B8112247DE0374901225D
:10D55C002046FFF781FB0346002840F0818062786B
:10D56C00B15C651C00297DD0302A2C4640F07D81B1
:10D57C0014F8013F302BFBD0F25CB2FA82F34FF07F
:10D58C0001085B09002A7FF4FAAE67E0441B2146D0
:10D59C00484603F049F8064678B1621E53110199CA
:10D5AC00012651F8231002F01F0306FA03F30B4275
:10D5BC0003D0B24200F33481022621464846FFF7DD
:10D5CC005FFEDAF80830A3445B45C0F2A880DAF8B5
:10D5DC0004305B4540F3DC80A3EB0B0B5D4500F3A3
:10D5EC000A81DAF80C20022A44D0032A00F02B819D
:10D5FC00012A42D1AB4540D1BBF1010F08D00BF150
:10D60C00FF31484603F010F8002836D0DAF8043021
:10D61C0002990B60019B0122C9F810201A600E9B25
:10D62C006224C3F8009045E7D82000208018002021
:10D63C00B15C4A1E182A05F101074FF000007FF675
:10D64C001BAF2F46B8E601240E9BC3F80090029B3B
:10D65C002046C3F800B005B0BDE8F08F274694E62D
:10D66C002278254602F0DF02502A00F0E880C9F843
:10D67C0000501AE70F9A002ACAD00098494602F0C7
:10D68C00C3FA50240E9A00232046136005B0BDE85F
:10D69C00F08FD9F808309E4280F2EA8009EB8602BE
:10D6AC00731C0121022CC9F81030DDF80480516183
:10D6BC0000F0CE80002B40F3008108EB830409F1CD
:10D6CC001801D9F814308C424FEA530340F21581FB
:10D6DC0040460A6843EAC27340F8043B51F8043BE5
:10D6EC008C424FEA5303F4D8A4EB0902193A08F11F
:10D6FC000401900822F0030241F820300A4403B1DF
:10D70C000432A2EB08039B104245C9F8103000F01C
:10D71C00D780DAF808300BF1010B5B4565DA00981D
:10D72C00494602F071FA0E9A0023A3241360C1E655
:10D73C00002099E6AB463AE62C1A49460098224658
:10D74C0002F0CAFCDAF80830ABEB040B9B458146BF
:10D75C00E5DCDAF804309B45BFF675AFA3EB0B0B99
:10D76C0000F11402AB450192BFF63BAFC8E67A78E4
:10D77C00B15C7D1C2F4600293FF419AE17F8012F20
:10D78C00B15C0029FAD10EE68C1C4FF00008EAE5DA
:10D79C000124002E3FF458AFDAF80C30022B06D0DF
:10D7AC00032B08D0012B2DD044F010044CE70F9B19
:10D7BC00C3F101030F930F9B002BF5D0019AD9F8FD
:10D7CC001060904602EB8600002104E042F8041B36
:10D7DC0090427FF65EAF13685F1CF7D00133022CCA
:10D7EC00136035D015F01F056ED121242CE7019F55
:10D7FC004FF0000864E60BF1FF34002E3FF482AECC
:10D80C00012683E6B207CFD5019B1B681E43F307A5
:10D81C00D4D4C9E72146484602F006FF064675E611
:10D82C00A11E484602F000FF00283FF4C5AE0326B7
:10D83C00C3E6FFF725FD0224DAF804B0A9E74FF0A0
:10D84C00000B012308E60F9A002A7FF4E1AE14E7DF
:10D85C00DAF80030013BAB4243D02224F4E646F028
:10D86C0002060224D0E70224A5E74FF0010886E562
:10D87C00D9F804100098013102F09CF907460028F1
:10D88C0041D0D9F8103002339A0009F10C010C3058
:10D89C00FBF7FCF84946009802F0B6F93B69012108
:10D8AC0007EB8302022C0B443B6107F11408516116
:10D8BC00B946CDD09E4295DAFCE60023C9F810306B
:10D8CC000023C9F8143024E708EB8606C5F12005BF
:10D8DC0056F8040C02F048FAA84286DAD9F810304F
:10D8EC00E8E66B1105F01F0558F823200123AB4027
:10D8FC00134214BF21242224A6E6C8F80030002BC2
:10D90C00DBD04246FCE6064B06483A46842103F03F
:10D91C008FF9034B03484A46E42103F089F900BF11
:10D92C00D8180020EC1800200139036811F8012FD9
:10D93C0003F1010CA2B100B502E011F8012F5AB1AC
:10D94C001CF8013BA3F1410EBEF1190F98BF203317
:10D95C009342F2D0002000BDC0F800C0012000BDF1
:10D96C00C0F800C0012070472DE9F04F0B68154638
:10D97C005A1105EB820213F01F0385B00CBF9046C1
:10D98C0002F10408009382460CBF131F1346026871
:10D99C00002048F8040C5178002900F0B3801C4694
:10D9AC009C46CDF804A00B46654E86460132814656
:10D9BC0082464746214610E0202B00F29D805045C0
:10D9CC0008DDA44502D2BEF1070F68DD65455DD3C5
:10D9DC004FF0080E12F8013FCBB116F80380B8F1E6
:10D9EC00000FE9D00EF1010EBEF1080F00F101009D
:10D9FC0041DCDCF800304FEA031B08F00F0848EA62
:10DA0C000B03CCF8003012F8013F002BE5D1B846DF
:10DA1C000B46002876D0A44502D2BEF1070F79DD63
:10DA2C0065455AD2291F624652F8040B41F8040F7F
:10DA3C009A42F9D9A3EB0C02591C22F003020CF107
:10DA4C00010C8C4588BF0022291D0A440020114678
:10DA5C0004329A420860FAD958F8041C19B106E04D
:10DA6C0053F8042D1AB99D42FAD101232B600520DD
:10DA7C0005B0BDE8F08F6545ACD24CF8049C4FF076
:10DA8C00000BACF1040C4FF0010EB6E7ACF1040442
:10DA9C004CF8049C8246A4464FF0000E9AE7CEF157
:10DAAC00080E4FEA8E0ECDE902C7DCF80030E046D6
:10DABC00CEF1200B9446D8F8042002FA0BF71F4342
:10DACC0022FA0EF3C8F8007048F8043FA045F2D3D0
:10DADC006246039FDDF808C078E7009A58F8041CEA
:10DAEC00002ABBD0C2F120024FF0FF3020FA02F224
:10DAFC00114048F8041CB1E7292BDDF804A0B84606
:10DB0C000B4603D0042005B0BDE8F08F0132CAF8F3
:10DB1C0000207EE7CEF10802DCF800109200C2F182
:10DB2C00200E66460846776807FA0EF1014327FA7D
:10DB3C0002F0316046F8040FA642F4D370E700BF40
:10DB4C00D820002082B049B15AB16BB113780B6068
:10DB5C001278101E18BF012002B0704701A9002ACC
:10DB6C00F3D1104602B070476FF00100F4E700BF2C
:10DB7C002DE9F04F2DED028BD1B00C46079190465C
:10DB8C000993824602F048FF036811931846FFF789
:10DB9C0057F908221090002120A8FEF7B1FFA389A5
:10DBAC00180603D52369002B01F06E8000239FED2E
:10DBBC00728BCDE92533CDE9143327AA0D9324922A
:10DBCC00174612931393059345462C466C4BD3F88A
:10DBDC00CC61FFF7B3F820AA034600921AA922469B
:10DBEC005046B047002800F09880C0F28E801A9AF8
:10DBFC00252A034601D01C44E8E7B4EB0508064689
:10DC0C0040F08F8000234FF0FF328DF85F309B4641
:10DC1C00069301342378049201349946A9F1200328
:10DC2C005A2B00F2AF80DFE813F0FE02AD00AD001E
:10DC3C00FA02AD00AD00AD00DD02AD00AD00A802F2
:10DC4C00B702AD00B302C002AD00BC025B005B00CA
:10DC5C005B005B005B005B005B005B005B00AD008E
:10DC6C00AD00AD00AD00AD00AD00AD002101AD00CB
:10DC7C009C01AC03210121012101AD00AD00AD00DF
:10DC8C00AD00A803AD00AD000803AD00AD00AD00C4
:10DC9C007302AD006103AD00AD009807AD00AD009F
:10DCAC00AD00AD00AD00AD00AD00AD002101AD008B
:10DCBC009C018701210121012101ED0387016C00E9
:10DCCC00AD000804AD00F8033D0413046C00AD0076
:10DCDC0073026A008303AD00AD00FB07AD006A0060
:10DCEC00A9F13003002214F8019B02EB820203EB32
:10DCFC004202A9F13003092BF5D906928EE723785D
:10DD0C008AE723784BF0200B86E70822002120A815
:10DD1C00FEF7F6FE01231C4458E7B4EB0508064653
:10DD2C0010D02599269B013143440729C7E9005897
:10DD3C002693259117DC0837059B43440593002E49
:10DD4C007FF460AF269B002B41F00383079B9B89DC
:10DD5C0003F04003002B41F0CF86059851B0BDEC89
:10DD6C00028BBDE8F08F079924AA504602F09EFC66
:10DD7C000028EBD127AFDFE7000000000000000017
:10DD8C0060320020B9F1000FDCD00023CDE90B3359
:10DD9C0001228DF8DC908DF85F3008930A92049381
:10DDAC000E9337AD0292269A1BF08403904600F036
:10DDBC0005819DF85F1009B3DDF894C000260CF1C5
:10DDCC00010101200132786007290DF15F00CDE9D6
:10DDDC002512386000F33E8408377EB1DDF894C01C
:10DDEC000CF1010118A80232386007294FF002002B
:10DDFC00CDE92512786000F320840837802B00F0E1
:10DE0C006583049B0A995E1A002E00F3E8801BF4CC
:10DE1C00807F40F021810A9B7B601A44259B3D60EA
:10DE2C000133072B2692259300F3BC8308371BF094
:10DE3C00040F05D0069B02995D1A002D00F318847F
:10DE4C00DDE9053102988142ACBF5B181B180593C4
:10DE5C00002A40F0778300232593089B1BB1089977
:10DE6C005046FFF701F927AF2546AEE6099B07336D
:10DE7C0023F00703B3EC028B9FEDA17BB0EEC86BD4
:10DE8C00B4EE476BF1EE10FA099300F33986B4EE59
:10DE9C00488BF1EE10FA81F14685B9F1610F01F072
:10DEAC007A83B9F1410F01F07084049B013301F0C6
:10DEBC007F82B9F1670F18EE903A4BF4807801F03D
:10DECC00F584B9F1470F01F0F1840023089318EEA3
:10DEDC00903A002BC1F20885B0EE487B0026A9F1E0
:10DEEC004103252B01F2DD81DFE813F0A50CDB09E2
:10DEFC00DB09DB09700ADD0ADB09DB09DB09DB095D
:10DF0C00DB09DB09DB09DB09DB09DB09DB09DB09E5
:10DF1C00DB09DB09DB09DB09DB09DB09DB09DB09D5
:10DF2C00DB09DB09DB09DB09DB09DB09A50CDB09F8
:10DF3C00DB09DB09700ADD0A1BF0200F40F0DE85DF
:10DF4C00099A1BF0100F52F8046B41F01C861BF061
:10DF5C00400F099201F08E8046F3C038434636B22A
:10DF6C001FE2B9F1430F03D01BF0100F00F06586D0
:10DF7C000822002122A8FEF7C3FD099A37AD1268CA
:10DF8C0022AB2946504602F0DBFD0A90013001F02D
:10DF9C00AE850A9B23EAE3730293099B269A04330A
:10DFAC0009930023CDE90B338DF85F30089304936C
:10DFBC000E931BF0840390467FF4FBAE0699029EF1
:10DFCC008E1B002E00F321849DF85F1000297FF436
:10DFDC00F3AE049B0A995E1A002E7FF718AF4A49DC
:10DFEC00259B0F91102E27DD39464FF01008374630
:10DFFC002E462546079C04E0103F102F01F1080126
:10E00C0016DD013340481032072BC1E90008CDE979
:10E01C002532F1DD24AA2146504602F047FB0028A8
:10E02C0040F09882103F102FDDE9253227A9E8DC5B
:10E03C002C4635463E460F4601330F993960324423
:10E04C00072BCDE925327E6000F364841BF4807FBE
:10E05C0007F108073FF4DFAEB9F1650F40F3AC826E
:10E06C00B5EE408BF1EE10FA40F05283259B274918
:10E07C003960013301320121072B269225937960F7
:10E08C0000F37F870837199B0D998B4280F2EB8444
:10E09C00109B11991A44C7E90013259B2692013352
:10E0AC00072B259300F3D38508370D9B5D1E002DA0
:10E0BC007FF7BDAE1449259B0F91102D40F3978728
:10E0CC00A146DDF81C8010260C4604E00837103DF4
:10E0DC00102D40F38B8701331032072BC7E9004614
:10E0EC00CDE92532F2DD24AA4146504602F0DEFA93
:10E0FC00002840F02F82DDE9253227AFE7E700BF8B
:10E10C00FFFFFFFFFFFFEF7F4C280020901900203E
:10E11C00DDF8248058F8045B00238DF85F30002D67
:10E12C0000F0A185B9F1530F00F037871BF01003F5
:10E13C000B9340F03287049B002BC1F2FC801A46F3
:10E14C000B99284602F0ACFC9DF85F300890002833
:10E15C0001F04884089A521B0A9222EAE272029257
:10E16C000BB1013202920B9BCDF8248004930E93D9
:10E17C000C9308934FF0730915E6099B53F8042B85
:10E18C000692002A80F27584069A099352420692EE
:10E19C0023784BF0040B3FE52B238DF85F3023786D
:10E1AC003AE523784BF0800B36E5214611F8019BBC
:10E1BC00B9F12A0F01F09084A9F13003092B98BF13
:10E1CC00002201F2DD8211F8019B02EB820203EBCB
:10E1DC004202A9F13003092BF5D942EAE273049308
:10E1EC000C461BE5504602F017FC43681393184687
:10E1FC00FEF726FE15900646504602F00DFC82688E
:10E20C0023781492002E3FF407AD002A3FF404AD9E
:10E21C001278002A3FF400AD4BF4806BFCE42378B9
:10E22C004BF0010BF8E49DF85F202378002A7FF473
:10E23C00F3AC20228DF85F20EEE41BF0200F4BF0A6
:10E24C00100000F02884099B073323F007031A46BB
:10E25C00596852F8083B099200228DF85F20049A05
:10E26C00002A18DB53EA010220F4906B15D1049AB2
:10E27C009AB910F001031A46029300F0738630230A
:10E28C008DF83F31049B0A92CDE90B330E93089322
:10E29C000DF23F1587E520F4806B50AD03F00702BB
:10E2AC00DB0843EA4173C908303253EA01062846B9
:10E2BC0005F8012DF2D11BF0010F00F01582302A68
:10E2CC0000F012823023049905F8013C023850AB5F
:10E2DC001B1A99424FF00002B8BF1946CDE90B2228
:10E2EC0008920A93054602910E925CE51BF0200FF2
:10E2FC004BF0100121D1099B1A1D099B04981B6836
:10E30C004FF0000840458DF85F801E4659DB21F028
:10E31C00800B002B40F08C850992002840F0E9839B
:10E32C00CDE90B000A900E900290089050AD3AE5A2
:10E33C001BF0200F00F0BE835946099B073323F0D6
:10E34C00070200238DF85F30049BD2F8048052F84A
:10E35C00086B0992002B35DB56EA080321F0800B81
:10E36C0031D1049B002B40F0C483CDE90B330A93CD
:10E37C000E930293089350AD15E523784BF0080BE0
:10E38C004AE41BF0200F4BF0100300F07A83099A3B
:10E39C00073222F007029B46536852F8086B099229
:10E3AC009846002BC0F2C282049A002A0BDB56EA74
:10E3BC0008032BF0800B06D1002A00F04187302691
:10E3CC0007E009928B460A2E78F1000380F0BF8299
:10E3DC003036049A9DF85F308DF83F61012AB8BF42
:10E3EC000122029201220A920DF23F15002B01F03C
:10E3FC006D83029B013302930023CDE90B33089309
:10E40C000E93D0E42378682B03BF63784BF4007B26
:10E41C0001344BF0400BFFF7FFBB099A1BF0200FA8
:10E42C0002F1040300F08883126805991160C91782
:10E43C00516009932546FFF7C8BB23786C2B03BFAB
:10E44C0063784BF0200B01344BF0100BFFF7E4BB5F
:10E45C00099A049E52F8041B002047F630038642AA
:10E46C00ADF860308DF85F000B46C0F2DB832BF00B
:10E47C00800545F0020B002940F0D683002E00F0F9
:10E48C00E686099230230122CDE90A210E918DF8FE
:10E49C003F3102960DF23F154FF078098E460891E8
:10E4AC000C91A5E31BF0200F40F02583099A1BF07B
:10E4BC00100F52F8043B41F05E831BF0400F00F04C
:10E4CC00E9859BB2099258460021C5E6069B029944
:10E4DC005E1A002E7FF795AC8B49259B0F91102E61
:10E4EC0024DD38464FF010082F4619462546864C39
:10E4FC0004E0103E102E00F1080013DD0131103243
:10E50C000729C0E90048CDE92512F2DD079924AAB4
:10E51C00504602F0CBF8E8B9103E102EDDE925127A
:10E52C0027A8EBDC2C460B463D46074601330F99DA
:10E53C0039603244072BCDE925327E6000F36385C8
:10E54C0008375EE4079924AA504602F0AFF8002879
:10E55C003FF481AC089B002B3FF4F8AB0899504674
:10E56C00FEF782FD079B9B8903F04003FFF7F2BB8C
:10E57C00109B11991A44C7E90013259B269201336D
:10E58C00072B259300F3068707F108010028C1F239
:10E59C001E810D980D6001330244072BCDE9253205
:10E5AC00486046DD079924AA504602F07FF80028FF
:10E5BC00D0D1269A27AF3AE40D98259B012802F179
:10E5CC00010203F1010307F1080140F3648101200A
:10E5DC00072BCDE925323D60786000F32C82109832
:10E5EC00119E01330244072BC1E90060CDE92532AD
:10E5FC0000F32D8208310D98B5EE408BF1EE10FA38
:10E60C0000F1FF3600F05F81013301353244072BF6
:10E61C00CDE925320D604E6000F349810831129826
:10E62C00486001330244072B1CA8CDE92532086051
:10E63C00B8DC01F10807FFF7FABB07990F9324AA7E
:10E64C00504602F033F8002884D1269A0F9B27AF4E
:10E65C00FFF7D4BB07990F9324AA504602F026F873
:10E66C0000287FF477AF269A0F9B27AFFFF7B5BB37
:10E67C00102D259B41F3D580A046DDF81C90234C32
:10E68C00102604E0103D102D07F1080715DD0133AD
:10E69C001032072BC7E90046CDE92532F2DD24AA5A
:10E6AC004946504602F002F800287FF453AF103D63
:10E6BC00102DDDE9253227AFE9DC2146444688469A
:10E6CC0001332A44072BC7E90085CDE925327FF7B2
:10E6DC00B7AB079924AA504601F0E8FF00287FF455
:10E6EC0039AF269AFFF7ACBB049950AA521B914242
:10E6FC004FF00003B8BF1146CDE90B3308930A92D3
:10E70C0002910E93FFF74FBB4C280020FC220020F7
:10E71C001998002840F300840B9B0D998B42A8BFDD
:10E72C000B46002B98460ADD1A44C7E90053259B7B
:10E73C0026920133072B259300F3B48708370B9EE1
:10E74C00B8F1000FA8BFA6EB0806002E00F3AB82B1
:10E75C000B9B1BF4806F03EB050940F0CA82199BDD
:10E76C000D998B4203DB1BF0010F00F07D85109996
:10E77C0011980A44C7E9000125992692013107290D
:10E78C00259100F39B8708370D996E18A6EB0906A7
:10E79C00CD1AAE42A8BF2E46002E0BDD259BC7F826
:10E7AC00009001333244072B7E602692259300F3B0
:10E7BC00D3870837002EA8BFAD1B002D7FF737ABD2
:10E7CC00B949259B0F91102D40F31184A146DDF81A
:10E7DC001C8010260C4604E00837103D102D40F329
:10E7EC00058401331032072BC7E90046CDE92532E9
:10E7FC00F2DD24AA4146504601F058FF00287FF470
:10E80C00A9AEDDE9253227AFE7E72599102E404662
:10E81C0040F361870F943A46A846079CA34D1F46C8
:10E82C0004E0103E102E02F1080216DD013110300A
:10E83C0010230729CDE9251015605360F1DD24AABA
:10E84C002146504601F032FF00287FF483AE103E83
:10E85C00102EDDE9251027AAE8DC3B460F9C174655
:10E86C002A464546904601F1010C3218BCF1070FBF
:10E87C00CDE925C2C7F800807E6000F336839DF891
:10E88C005F100837002940F0F880002B3FF4B9AA3C
:10E89C000B46FFF7A5BA1BF0010F7FF498AE0120D1
:10E8AC00072BCDE925323D6078607FF7B8AE07992C
:10E8BC0024AA504601F0FAFE00287FF44BAEDDE9A5
:10E8CC00253227A9ABE60D9801287FF7A8AE1128B1
:10E8DC0075480F9040F3B783A046079F1025044658
:10E8EC0004E00831103E102E40F3AC83013310329B
:10E8FC00072BC1E90045CDE92532F2DD24AA3946C2
:10E90C00504601F0D3FE00287FF424AEDDE9253219
:10E91C0027A9E7E7079924AA504601F0C7FE00286B
:10E92C007FF418AE269A27AFFFF771BA2D238DF816
:10E93C005F30049B764268EB4808002BFFF643AD32
:10E94C000A2E78F100032BF0800BFFF441AD0294FA
:10E95C00CDF8289050A9DDF8509008974FF0000C96
:10E96C000BF4806426E016EB0803514843F10003D6
:10E97C00A0FB032020F0030202EB90029B1AF31A77
:10E98C004B484FF0CC32B646474602FB03F268F1D7
:10E99C00000800FB0822A3FB0063BEF10A0F13441E
:10E9AC004FEA560677F10007294646EAC3764FEA46
:10E9BC0053082DD33E4D16EB080343F10003A5FB82
:10E9CC00032020F0030202EB90029B1AF31AA3FB24
:10E9DC00053268F1000005FB00225B0843EAC273B4
:10E9EC0003EB8303A6EB430330330CF1010C01F86A
:10E9FC00013C4D1E002CB6D099F800306345B2D1C5
:10EA0C00BCF1FF0FAFD00A2E78F1000380F0B38376
:10EA1C000499029CCDF8509050AB5A1B9142B8BF50
:10EA2C001146DDF82890089F9DF85F30CDF834C072
:10EA3C000A920291DAE4079924AA504601F036FEB4
:10EA4C0000287FF487ADDDE9253227A9C7E50799B2
:10EA5C0024AA504601F02AFE00287FF47BADDDE9A4
:10EA6C00253227A9C7E51BF0010F3FF4E0A9FFF7FA
:10EA7C000FBB09932378FFF7CFB81E460023FFF78F
:10EA8C009EB9099A0432099909920E684FEAE67800
:10EA9C009B46434685E4099B1A1D099B09921B68FA
:10EAAC000021FFF7D9BB00BF4C280020FC2200201E
:10EABC00CDCCCCCC099A1BF0100052F8043B41F0A1
:10EACC0057801BF0400100F0A8818DF85F009BB2CD
:10EADC0004994FF0000841451E46C0F2A9812BF065
:10EAEC00800B002B40F0A481049B0992002B3FF477
:10EAFC003CAC00266CE45846FFF7A5BB5B4646E4ED
:10EB0C00B5EEC08BF1EE10FA2BF0800B00F11E83EA
:10EB1C009DF85F30B9F1470FCCBFA44DA44D002B2D
:10EB2C0040F052870322CDE90B3308930A920493E9
:10EB3C000E930292FFF737B91BF0100F40F07C8256
:10EB4C001BF0400F40F0A7831BF4007F00F0748291
:10EB5C00099A0599126811706BE4964E1BF0200F00
:10EB6C0000F07D81099B073323F007031A46586890
:10EB7C0052F8083B09921BF0010140F05C81049AA9
:10EB8C008DF85F10002AC0F28B8153EA00022BF43F
:10EB9C00906B00F0948103F00F02B25C8DF83F2172
:10EBAC001B0943EA0073020953EA10100DF23F15DA
:10EBBC000BD003F00F001B09305C05F8010D43EA84
:10EBCC000273120953EA0200F3D1049A50AB4FF0CE
:10EBDC00000E5B1B9A42CDE90BEEB8BF1A460A93A6
:10EBEC000292CDF820E0CDF838E000293FF4DBA804
:10EBFC00029BDDE925C2023302931BF0840390468D
:10EC0C00614604D1069E0298361A002E06DCBEF12F
:10EC1C00000F3FF4E5A80226FFF7D1B80223F5E573
:10EC2C00654E9BE74BF0020B0992634E03F00F020B
:10EC3C000221B25C4FF07809B0E7099B1B688DF894
:10EC4C00DC30012302930A9337ADFFF7A6B907997D
:10EC5C0024AA504601F02AFD00287FF47BAC269AAA
:10EC6C0027AFFFF722BA049B0895062B28BF062373
:10EC7C0002930A932B460495CDE90B334F4DCDF8F7
:10EC8C0024800E93FFF78FB840215046FCF73AF8DA
:10EC9C00079B18601861002800F06087079A4023D2
:10ECAC005361FEF783BF102E259B40F32E874448FB
:10ECBC00DDF81C800F9039464FF01009074604E030
:10ECCC000831103E102E40F32B8201331032072BEB
:10ECDC00C1E90079CDE92532F2DD24AA414650463E
:10ECEC0001F0E4FC00287FF435ACDDE9253227A9DE
:10ECFC00E7E70D9BDDF83880CDF83CB0EB180493BA
:10ED0C000C9BDDF81CB00B94002B4E463946DDF8FD
:10ED1C005090159F0E9531DDB8F1000F40F32B810B
:10ED2C0008F1FF382598139B01303A440728C1E9B4
:10ED3C0000372692259000F39F800831049B99F8A8
:10ED4C0000009D1B8542A8BF0546002D0CDD2598B3
:10ED5C0001302A440728C1E900652692259000F36A
:10ED6C005E8199F800000831002DACBF441B0446AD
:10ED7C00002C14DC06440C9B002BCDDCB8F1000FEE
:10ED8C00CEDCDDE90D35EB189E42CDF850900B9C96
:10ED9C00DDF83CB0B1460F4628BF9946DFE4102C95
:10EDAC002598074B2BDD10250A9310E078180020CE
:10EDBC0058190020741900206019002088190020AF
:10EDCC004C280020103C102C01F1080116DD0130FC
:10EDDC00AE4B10320728C1E90035CDE92502F1DD33
:10EDEC0024AA5946504601F061FC00287FF4B2ABCE
:10EDFC00103C102CDDE9250227A9E8DC0A9B0B60EE
:10EE0C00013022440728CDE925024C6000F35883D9
:10EE1C0099F8000008310644ADE71BF4007840F087
:10EE2C00328204998DF85F8000291E46BFF657AEDA
:10EE3C000992FFF7C8BA53EA000237D030228DF896
:10EE4C00602000228DF85F20049A8DF86190002AD2
:10EE5C0023DB2BF4906242F0020B02219BE6099A11
:10EE6C001BF0100F52F8043B099214D11BF0400F09
:10EE7C000DD09BB200207EE624AA5946504601F0E4
:10EE8C0015FC00287FF466AB269A27A956E71BF4DD
:10EE9C00007F40F0F58100206DE64BF0020B022163
:10EEAC0003F00F022BF4806BB25C77E6049B00211D
:10EEBC008B428DF85F10C0F241812BF4906B049A59
:10EECC00002A00F0CB80012A33788DF83F31B8BF8F
:10EEDC000122002302920122CDE90B3308930A92FE
:10EEEC000E930DF23F15FEF75EBF07990F9324AA00
:10EEFC00504601F0DBFB00287FF42CAB9DF85F1033
:10EF0C00269A0F9B002900F0AC801E46DDF894C0B9
:10EF1C00034627AFFEF753BF259B5D49396001338C
:10EF2C0001320121072B26922593796000F37C8115
:10EF3C00083700287FF41CAB0D990BF001030B4331
:10EF4C003EF475AF109B11991A44C7E90013259B29
:10EF5C0026920133072B259300F31C8207F108013D
:10EF6C00FFF717BB049B0A93CDE90B330E93089361
:10EF7C0050ADFEF718BF0C9B013B09F1FF390C9308
:10EF8C00D0E6079924AA504601F090FB00287FF4A4
:10EF9C00E1AA269A27AFFFF776B80822002122A80B
:10EFAC001B95FDF7ADFD049B002B7DDB0026029429
:10EFBC00CDF82080344698460EE037A9504601F033
:10EFCC00BFFD411C204400F09484404509DC06F14F
:10EFDC00040600F0008504461B9A925922AB002AC5
:10EFEC00EBD10A94DDF82080029C6AE04C46013398
:10EFFC000F9939602A44072B7D60CDE925327EF7C5
:10F00C0015AFFFF7CFBA079924AA504601F04EFB73
:10F01C0000287FF49FAA269A27AFFEF7F2BE24AAF7
:10F02C005946504601F042FB00287FF493AA99F808
:10F03C000000269A27A997E6099A0599126811608B
:10F04C00FFF7F7B9444601330F9808603244072B99
:10F05C00CDE925324E607FF7E1AA28E4049BFFF747
:10F06C0084B9002B00F00981DDF894C00B4627AF62
:10F07C00FEF7B6BE1BF4007F16BF46F3C0184FEA6E
:10F08C00E67876B24346FFF78CB900BF4C280020D7
:10F09C00901900201BF4007100F0F980DBB209928A
:10F0AC0058460021FFF7D8B822AB009300231BAAC7
:10F0BC001946504601F06CFD0A90013000F019849D
:10F0CC001B950A9B002B00F09F80632B00F34C8157
:10F0DC000023089337AD0822002122A8FDF710FD6C
:10F0EC000A9E22AB00931BAA33462946504601F0D8
:10F0FC004FFD864240F042850A9A0023AB5422EA27
:10F10C00E27202929DF85F20049312B1029A0132CE
:10F11C000292CDE90B33CDF824800E93FEF743BE5B
:10F12C000F4601330F9939603244072BCDE9253254
:10F13C007E6000F323810837FFF70ABB33788DF824
:10F14C003F312BF4806B0DF23F153EE52D238DF8EE
:10F15C005F30B9F1470F4FF000030893049340F36D
:10F16C00E6800322964D0A92CDE90B330E930423CD
:10F17C000293FEF718BE159A1399AD1A2846FDF79F
:10F18C00A7FD99F801300BB109F101098D4A16EB75
:10F19C00080343F10003A2FB030727F0030000EB75
:10F1AC0097001B1AF31A4FF0CC3168F1000803FBDF
:10F1BC0001F102FB0811A3FB023001445B0843EA96
:10F1CC00C1764FEA510816EB080343F10003A2FB8A
:10F1DC00031020F0030101EB90015B1AF31AA3FB5F
:10F1EC00023168F100005B0802FB001243EAC273B3
:10F1FC0003EB8303A6EB4303303305F8013C4FF0DC
:10F20C00010C013DFFF7F8BB9DF85F30CDF8248071
:10F21C00003B18BF012302930A9B0493CDE90B33E7
:10F22C000E930893FEF7BFBD079924AA504601F030
:10F23C003DFA00287FF48EA91998269A27AF78E614
:10F24C009DF85F3002920A9250ADFFF7CFB8049B45
:10F25C000992CDE90A330E930C93029350AD4FF003
:10F26C0078099E460893C3E46E18A6EB0906CD1ADE
:10F27C00AE42A8BF2E46FFF79DBA27AFFEF7C1BD21
:10F28C00DBB2002077E48DF85F10DBB220E409924A
:10F29C005846FEF7E1BF099A059912681180FFF7ED
:10F2AC00C8B822AB01931BAB0093B0EE470B049A8A
:10F2BC0019AB022150468DED027B01F06DFD9DEDE9
:10F2CC00027B05461BF0010F40F05582229B5A1B16
:10F2DC00199B0D92D81C0B93C0F201820499994290
:10F2EC00C0F20B819A4200F392820B9B0A931BF49F
:10F2FC00806F03D00B9B002B00F32D830A9B23EA1A
:10F30C00E373C34602934FF0670900230E930C93EB
:10F31C000BF00201002E00F0CA804FF02D0E8DF87C
:10F32C005FE0029B01330293002304935DE403220C
:10F33C00254D0A9218E72846FDF782FD9DF85F30AF
:10F34C000A9020EAE0720292002B3EF40CAFFEF71A
:10F35C0008BF079C24AA2146504601F0A7F9A389AF
:10F36C0003F04003FEF7F6BC591C5046FBF7CAFCF1
:10F37C000546002800F0F6830890ACE6079924AA0D
:10F38C00504601F093F900287FF4E4A8269A27AFA1
:10F39C00FFF7DEB9079924AA504601F087F9002837
:10F3AC007FF4D8A8DDE92532199827A9FFF7EEB824
:10F3BC0000230893062304934BF48078FEF787BD53
:10F3CC0078180020CDCCCCCC58190020049B0133EC
:10F3DC000D93022122AB01931BAB0093B0EE470BB4
:10F3EC0019AB0D9A50468DED027B01F0D5FC0D9BAF
:10F3FC0029F0200CBCF1460F9DED027B054600EB7D
:10F40C00030100F09880B5EE407BF1EE10FA00F0AD
:10F41C00D882229B994288BF4FF0450C40F2CF8294
:10F42C0030205A1C22921870229B8B42F9D35B1B02
:10F43C000D93BCF1470F199B0B9356D0BCF1460FA3
:10F44C0000F08F800B9B8DF87090013B002B199373
:10F45C00C0F24C812B22092B8DF8712000F34F81C7
:10F46C0030228DF872200DF17302303302F8013B1B
:10F47C001CABD31A12930D9B129A012B1A440A92AD
:10F48C0040F341820A9B109A13440A930A9A2BF474
:10F49C00806343F4807B22EAE2720023CDE90B33D4
:10F4AC000E93029234E7049B0D93032192E79DF88F
:10F4BC005FE0BEF1000F7FF434AF0496FFF795BB0D
:10F4CC0024AA5946504601F0F1F800287FF442A8CE
:10F4DC0099F80000269A27A906444CE4199B0B9333
:10F4EC004B1BBCF1470F0D933BD10B9B0333C0F26D
:10F4FC00F680049B0B9A93420FDA0B9B013BA9F10C
:10F50C000209002B8DF870901993A3DA0B9B2D2216
:10F51C00C3F101038DF87120A2E70D9B0B9A934266
:10F52C0000F375811BF0010F0B9B00F0B282109A57
:10F53C0013440A93DBE62B78302B00F06182199B85
:10F54C001944B5EE407BF1EE10FAC7D0229B8B42EA
:10F55C00FFF466AF5B1B0D93BCF1470F199B0B932C
:10F56C00C3D00B99049A0BF00103002943EA020360
:10F57C0040F3CF82002B40F01A820B9B0A934FF082
:10F58C0066091BF4806F40F0E8810A9B23EAE37361
:10F59C00C3460293B9E647F63003ADF86030049BDE
:10F5AC00632B4BF0020B00F35C8118EE903A002BAE
:10F5BC00C0F23B81B0EE480B19A801F0F5FAB4EE9D
:10F5CC00007B20EE077BB5EE407BF1EE10FA40F0AD
:10F5DC00408201230026199337AD0896AE48049952
:10F5EC00B3EE004B2B4606E0B5EE407BF1EE10FA85
:10F5FC0000F00F82114627EE047BFDEEC76B4A1E0E
:10F60C0016EE90CA10F80CE0B8EEE65B9C4637EEAE
:10F61C00457B03F801EB0029E6D1B6EE005BB4EEB6
:10F62C00C57BF1EE10FA08DCB4EE457BF1EE10FA76
:10F63C001ED116EE902AD2071AD5CDF888C013F831
:10F64C00011C90F80FC08C451A460AD14FF0300EB1
:10F65C0002F801EC229A511E229112F8011C61450C
:10F66C00F6D0392916BF0131817AC9B202F8011CD2
:10F67C00199A5B1B0D93B9F1610F02F1FF331993CA
:10F68C0000F01F8250214FF04109002B8DF87010B3
:10F69C00C0F20E822B22092B8DF871202FDC0DF17C
:10F6AC007202E2E6079924AA504600F0FFFF0028F8
:10F6BC007EF450AF269A27AFFFF741B8079924AADA
:10F6CC00504600F0F3FF00287EF444AF199B269AB5
:10F6DC0027AFFFF759B8DFF8CC81FFF7C4B80B9B05
:10F6EC00A9F10209013B8DF8709019930B9A2D2307
:10F6FC008DF87130C2F101030832BFF6B1AE0DF1D5
:10F70C007F0CDFF8A4E162461046AEFB0312D20870
:10F71C0002EB8201A3EB41013031632B00F8011C99
:10F72C00134600F1FF32EFDC303302F8013C831E4C
:10F73C00634580F0C8810DF1710213F8011B02F8CA
:10F74C00011F6345F9D103F5A0736B44CC3B1B1A25
:10F75C001CAA9B1A12938EE6079924AA504600F015
:10F76C00A5FF00287EF4F6AE199D0D9B269A5D1B15
:10F77C0027AFFFF71FB8049B4FF0470CE918E0E6E2
:10F78C0000230C460493FEF749BA45F63003ADF856
:10F79C006030049B632B4BF0020B62DC18EE903A4A
:10F7AC00002B42DBB0EE480B19A801F0FDF9B4EECA
:10F7BC00007B20EE077BB5EE407BF1EE10FA01D119
:10F7CC000123199300263548089637AD07E74642C2
:10F7DC00103033480F9052DA1027804603E008317E
:10F7EC00103E102E4BDD01331032072BC1E9008780
:10F7FC00CDE92532F3DD079924AA504600F056FFD7
:10F80C0000287EF4A7AEDDE9253227A9E8E70D9B99
:10F81C00109A9A180B9B0A92002B79DD4FF067090E
:10F82C00AFE6DFF88080FEF74BBF0023089337ADBF
:10F83C002D26B1EE487BB0EE470B19A801F0B4F9B8
:10F84C00B4EE007B20EE077BB5EE407BF1EE10FAB8
:10F85C0004BF01231993B9F1610F3FF4BFAE0F48F8
:10F86C00BDE6049B5046591CFBF74CFA0546002894
:10F87C0000F03D8108904BF48078FEF728BB0133F3
:10F88C000F9808603244072BCDE925324E6000F307
:10F89C0002810831FEF77DBE60190020741900202A
:10F8AC004C280020FC220020CDCCCCCC049A002A81
:10F8BC0000F0D480002BC0F22481B0EE487B0026EF
:10F8CC0022AB01931BAB0093B0EE470B19AB049A20
:10F8DC00022150468DED027B01F05EFA00239DED76
:10F8EC00027B05460893EDE42D26B1EE487BFEF72E
:10F8FC00F6BA079B9B890022089243F04003079AB3
:10F90C009381FEF727BE1BF0010F3FF4BFADB9E5A5
:10F91C00C3F101031A4422EAE273C3460A9202932A
:10F92C004FF06709F1E418EE903A13F000432BF016
:10F93C00800B0B9300F09A802D238DF85F30B9F17A
:10F94C00470F4FF000030893049340F3F880032211
:10F95C00944D0A9208E44FF0670914990B78FF2B29
:10F96C0000F0F88000200B9A0E90844603E00130E2
:10F97C000131FF2B09D0934207DAD21A4B78002BB6
:10F98C00F5D10B780CF1010CF3E7CDE90B201491B8
:10F99C00CDF838C00C9A0E9B159913440A9A01FBAA
:10F9AC0003230A9323EAE373C3460293B0E4109B48
:10F9BC0002EB01094B440A934FF06609E1E55B1B2E
:10F9CC000D93199B0B933DE50023032208930A9298
:10F9DC000493FFF7C9BB049B029CDDF820800A93BB
:10F9EC00FFF76FBBCDF824801BB3049B0A935A1C02
:10F9FC00029204900E900C904FF07309FEF7D3B95D
:10FA0C00B5EE407BF1EE10FA1ED1199B0B93194405
:10FA1C0066E5002A0491FFF62BAE0499302001EB29
:10FA2C00030C194601F8010B6145FBD11A44531C18
:10FA3C001EE6049B0A930293089B0E930C9304936B
:10FA4C004FF07309FEF7AFB90D9BC3F10103199386
:10FA5C0076E500265448089637ADC0E5934273DB33
:10FA6C00B0EE487B0123049E049329E79DF85F3098
:10FA7C00B9F1470FCCBF4B4D4C4D002B40F086805D
:10FA8C00032204930A920E930C9308930292FEF7AE
:10FA9C008AB90A932BE4079924AA504600F006FE73
:10FAAC0000287EF457ADDDE9253227A9FEF771BD9C
:10FABC002D238DF87130C2F101030832FFF61FAE11
:10FACC00EDE57021E1E502231293D4E4CDE90B338B
:10FADC0008930E93FEF767B9099A63780C4652F8AF
:10FAEC00041B099241EAE1710491FEF795B8079A5B
:10FAFC00938943F0400393814FF0FF330593FEF756
:10FB0C002CB92D26B1EE487BDAE629490F91FFF787
:10FB1C0008BBC34633B9012302934FF066090A931D
:10FB2C00FFF7F3BB109B03F10109049B4B440A93B1
:10FB3C0023EAE37302934FF06609FFF7E6BB032257
:10FB4C001A4D0A92FFF710BB01232D260493B1EE38
:10FB5C00487BB5E600230E930C931BE70C23CAF8E5
:10FB6C000030C9E7079B08909B8943F04003C6E629
:10FB7C005946FEF7C2BB5846FEF78FBF079B9B89C1
:10FB8C0043F04003BBE65B46FEF77DBF00230493C6
:10FB9C000E930C93089303230A9304230293FEF70A
:10FBAC0002B900BF74180020601900205C190020F5
:10FBBC004C28002030B5436C83B005460C4653B13D
:10FBCC0053F8240088B1026843F824200023C0E9CC
:10FBDC00033303B030BD21220421FBF74FF8034659
:10FBEC0068640028ECD10020F3E7012101FA04F34A
:10FBFC005A1D920028460193FBF740F80028F2D0DA
:10FC0C00019B44608360E1E731B1436C4A6853F86F
:10FC1C002200086043F82210704700BF2DE9F04124
:10FC2C000E6917460D461C4601F114024FF0000EEA
:10FC3C0011688BB207FB03434FEA134C090C07FB0B
:10FC4C0001CC0EF1010E9BB203EB0C43764542F84E
:10FC5C00043B4FEA1C44EBDC3CB1AB68B34207DD20
:10FC6C0005EB860301365C612E612846BDE8F08108
:10FC7C00696801318046FFF79DFF0746B0B12A69DC
:10FC8C00023205F10C0192000C30F8F7FFFED8F8A7
:10FC9C0044306A6853F82210296043F822503D46DC
:10FCAC0005EB860301365C612E61DEE7024B0348EF
:10FCBC003A46BA2100F0BCFFD81800209419002055
:10FCCC002DE9F843092B089C1E4605468846174625
:10FCDC003CDD224B06F10802A3FB02325208012341
:10FCEC0000215B009A4201F10101FADC2846FFF782
:10FCFC0061FF014660B30123092F4461036113DCEA
:10FD0C0008F10A040927BE420BDDF61B264414F841
:10FD1C00013B0A22303B2846FFF780FFB4420146E4
:10FD2C00F5D10846BDE8F88308F10904A146B844AA
:10FD3C0014F8013B0A22303B2846FFF76FFF44457D
:10FD4C000146F5D109EB0704083CDCE70021CDE7BF
:10FD5C000A46034B0348D32100F06AFF398EE3387F
:10FD6C00D818002094190020B0F5803F034636BF08
:10FD7C00030400201020B3F1807F3CBF1B0208302D
:10FD8C00B3F1805F06D3B3F1804F0FD29A0012D437
:10FD9C00033070471A01B2F1804F00F1040006D213
:10FDAC009B0108D45B00F3D4202070471A46002A2C
:10FDBC00FBDB013070470230704700BF0368590706
:10FDCC0008D0DA071FD499072AD55B0803600122F3
:10FDDC00104670479AB282B91B0CDAB2B2B110223B
:10FDEC00190701D104321B09990714D0D90701D482
:10FDFC0001325B08036010467047DAB24AB11A0749
:10FE0C0017D10422EFE700221046704718221B0A74
:10FE1C00E6E70822FBE7590707D502329B08E9E71A
:10FE2C009B080222036010467047DB0804D1202295
:10FE3C00CEE7DB080322DDE70332DBE738B5436CA2
:10FE4C0004460D464BB15868B0B102685A600022A6
:10FE5C000123C0E90323456138BD21220421FAF7AF
:10FE6C000DFF034660640028EDD1094B09480022C0
:10FE7C0040F2451100F0DCFE1C2201212046FAF76D
:10FE8C00FDFE0028F1D001220223C0E90123DEE7A8
:10FE9C00D8180020941900202DE9F04F0F6915692E
:10FEAC00AF4285B00E46904605DB2A4643463D469A
:10FEBC00884617461E46D8F80830D8F80410EC19B6
:10FECC00A342B8BF0131FFF775FE8446002800F04D
:10FEDC009C80143000EB840E704505D20346002143
:10FEEC0043F8041B9E45FBD8143606EB870296425A
:10FEFC007CD208F1140707EB8505A5EB080308F184
:10FF0C001508A845A3F11503CDE902E44FEA930ABD
:10FF1C008CBF002401249146E34605E0090C34D142
:10FF2C00B14500F104005ED956F8041B8AB2002AD0
:10FF3C00F4D0CDE90090B8468646002358F8041B4F
:10FF4C00DEF800001FFA81F94FEA114C81B202FB76
:10FF5C000911000C194402FB0C0000EB114089B292
:10FF6C0041EA004145454EF8041B4FEA1043E5D8E1
:10FF7C00DDE90090002C4FEA8A0208BF00220244FF
:10FF8C00536056F8041C090CCAD00368CDF80090D5
:10FF9C008846BC46864600221946BCF8009008FBF1
:10FFAC00092909EB11499BB243EA09434EF8043B7A
:10FFBC005CF8043BDEF800101B0C8AB208FB032330
:10FFCC0003EB194365454FEA1342E6D8002C4FEA80
:10FFDC008A02DDF8009008BF00220244B14553604C
:10FFEC0000F10400A0D8DDE902E4DC46002C02DCC0
:04FFFC0005E0013CDF
:02000004600199
:1000000003D05EF8043D002BF9D06046CCF81040D8
:1000100005B0BDE8F08F034B034862464FF4B17161
:1000200000F00CFED818002094190020F8B512F04A
:100030000303144607462FD10E46A4102AD03D6C68
:10004000002D32D004F0010364103BB92868B8B128
:10005000054604F001036410002BF7D02A46314610
:100060003846FFF71FFF36B17B6C716853F82120CB
:10007000326043F8216074B1064628680028E7D151
:100080002A4629463846FFF70DFF00232860036003
:100090000546DEE73046F8BD013B0F4A52F8232003
:1000A0000023FFF7C1FD0646C7E701213846FFF7E9
:1000B00087FD054640B1012340F27122C0E90432B8
:1000C000002338640360BDE7044B05482A4640F22C
:1000D000451100F0B3FD00BFB4260020D818002061
:1000E000941900202DE9F0470D4691462E69AB6822
:1000F000496806EB6216741C9C4207464FEA621878
:1001000004DD5B009C4201F10101FADC3846FFF797
:1001100057FD844600284FD0B8F1000F00F11400BD
:100120000BDD08F105010CEB81010346002243F8C9
:10013000042B8B42FBD100EB8800296905F11403E5
:1001400019F01F0803EB810E2ED0C8F120090246DA
:100150004FF0000A196801FA08F141EA0A0142F871
:10016000041B53F8041B9E4521FA09FAF2D8AEEBA2
:100170000503153B23F0030305F11502964538BF2F
:100180000023043340F803A0BAF1000F00D1344635
:100190007B6C6A68CCF8104053F8221029606046E6
:1001A00043F82250BDE8F087043853F8042B40F898
:1001B000042F9E45F9D8EAE7034B044862464FF402
:1001C000EF7100F03BFD00BFD8180020941900200B
:1001D00003690A6900B5B3EB020E12D100F1140CE9
:1001E00014310CEB820301EB820101E09C4508D243
:1001F00053F8040D51F8042D9042F7D003D24FF07C
:10020000FF3E704600BD4FF0010E704600BD00BFBE
:100210002DE9F04F17460A693B69A2EB0308B8F1D4
:10022000000F83B00C4615D1143107F1140505EB0E
:10023000830501EB830302E0994280F0858053F847
:10024000046D55F8042D9642F6D080F08A804FF068
:10025000010805E0FBDB3B464FF000080F461C465B
:100260007968FFF7ADFC002800F086803A692669BE
:10027000C0F80C8007F1100107F11408834600F163
:10028000140704F1140008EB820E944600EB860676
:100290000023B946C2460A46019450F8041B52F89E
:1002A000045F8CB21FFA85F8A8EB0408090C984487
:1002B000C1EB154101EB28411FFA88F848EA0144D7
:1002C000864249F8044B4FEA2143E6D8A146019CF7
:1002D000301B1538153420F00300A64238BF00202B
:1002E0000AEB00010431C4198E4562460846DC461B
:1002F00098BF23461AD9A7EB0A070434C61950F849
:10030000045B13FA85F82B442D0C05EB28459BB2B2
:1003100043EA05498645C6F800904FEA2543EDD8E3
:100320000EF1FF335B1A23F003032344B9F1000FEE
:1003300004D153F8041D013A0029FAD06046CCF8E4
:10034000102003B0BDE8F08F0021FFF739FC844690
:1003500058B101220023C0E90423604603B0BDE880
:10036000F08F3B4627461C467AE7074B0748624614
:1003700040F2372100F062FC0246034B034840F292
:10038000452100F05BFC00BFD81800209419002024
:1003900082B08DED000B019A154B1340A3F1507301
:1003A000002B06DD00221946104641EC100B02B06E
:1003B00070475B42B3F1A07F4FEA235209DA4FF452
:1003C0000023134100221946104641EC100B02B0E5
:1003D0007047A2F114031E2BDABF4FF00042DA403F
:1003E000012200231946104641EC100B02B0704761
:1003F0000000F07FF8B5036900F114040F4604EB28
:1004000083010D1F51F8046C3046FFF7B3FCC0F1B7
:1004100020030A283B6034DDAC42A0F10B031AD262
:1004200051F8080C2BB3C3F1200C9E4020FA0CF2BB
:100430001643A1F108059840AC4246F07F5343F4BF
:1004400040131AD251F80C1C21FA0CF10843024651
:1004500043EC102BF8BD0B280AD006FA03F141F04B
:100460007F53002043F44013024643EC102BF8BDA9
:10047000002046F07F5343F44013024643EC102B18
:10048000F8BDAC4238BF51F8081CC0F10B0C00F1AC
:10049000150026FA0CFE34BF21FA0CF1002106FAF1
:1004A00000F04EF07F53084343F44013024643EC00
:1004B000102BF8BD2DE9F043894683B0012157EC9C
:1004C000106B9046FFF77CFB0446002846D0C7F32C
:1004D0000A55C7F313030DB143F480130193331E80
:1004E00015D101A8FFF770FC019B63610121203049
:1004F000216115B3A5F233450544C0F13500C9F8B3
:100500000050C8F80000204603B0BDE8F0836846FC
:100510000093FFF759FCDDE9002328B1C0F1200169
:1005200003FA01F10A43C340002B0CBF0121022151
:100530006261A3612161002DDCD104EB8103A0F293
:100540003240C9F800001869FFF714FCC0EB4110F5
:10055000C8F80000204603B0BDE8F083034B044810
:10056000224640F20F3100F069FB00BFD81800208E
:1005700094190020F0B583B00E4669460746FFF790
:1005800039FF01A9304655EC104BB0EE407BFFF728
:1005900031FF33693A69D21ADDE900315B1A03EBA6
:1005A0004213002B09DD17EE902A02EB035545ECB0
:1005B000174B87EE000B03B0F0BD10EE902A51EC04
:1005C000100BC3EB033302EB035141EC100B87EE2E
:1005D000000B03B0F0BD00BF0139491101F1010C5E
:1005E000116902F1140303EB81018B4200EB8C0CC7
:1005F00016D210B5A0F1040E53F8044B4EF8044F78
:100600009942F9D8891A153921F0030104300844B8
:10061000844504D9002340F8043B8445FBD810BD31
:10062000844505D9002340F8043B8445FBD8704736
:10063000704700BF03694A11934200F1140009DAC0
:1006400000EB830302E053F8042D82B98342FAD809
:100650000020704700EB8203F8DD11F01F01F5D098
:1006600050F822C02CFA01F28A409445EED00120C5
:10067000704700BF2DE9F8430746884616464FF0FD
:1006800000097568013D11D4B468A389012B08D90C
:10069000B4F90E3001332146384602D0C04749EA4A
:1006A0000009013D6B1C04F16804EED13668002E90
:1006B000E7D14846BDE8F8832DE9F0411546926838
:1006C00002B32C6807468846083401E00834C9B1F3
:1006D0006B68581E002B1146686013DD54F8046CDB
:1006E000002EF3D0334654F8082C4146384602F029
:1006F000F9FB431C07D0AA68921B1146AA60083474
:100700000029E5D100200023C5E90133BDE8F081CF
:1007100049B1FF2A02D80A70012070478A2303607A
:100720004FF0FF3070470846704700BF70B5002992
:1007300041D006460C4610B1436B002B3ED0FCF76F
:1007400047F9636EB4F90C20DD0730D4900538D535
:100750002146304600F04CF8E36A054633B1E169C2
:10076000304698470028B8BF4FF0FF35A3891A06D6
:1007700039D4216B41B104F14003994202D0304693
:10078000FCF778FC00232363616C21B13046FCF751
:1007900071FC00236364636E0022DB07A2811ED517
:1007A000A06DFCF741FBFCF719F9284670BD002A43
:1007B000CED1FCF713F90025284670BDFCF7EAF806
:1007C000BDE7A06DFCF732FBB4F90C30002BBFD1B4
:1007D000636ED907EDD4A06DFCF72AFBE9E7A06DA5
:1007E000FCF726FBDCE721693046FCF743FCC0E759
:1007F000B1F90C202DE9F041804610070C4650D489
:10080000496842F400630029A38164DDA66A002ED2
:1008100044D0002112F48052D8F80050C8F80010DB
:1008200065D1E16901234046B047411C02466CD0C6
:10083000B4F90C30A66A5B0705D56368D21A236B3E
:100840000BB1E36BD21A0023E1694046B047471C65
:10085000B4F90C304DD1D8F800101D2940D8304AD9
:10086000CA40D6073CD52269226023F40062A281E7
:10087000D9044FF00002626003D5D8F80030002B95
:1008800041D0216BC8F8005041B104F140039942B6
:1008900002D04046FCF7EEFB002323630020BDE8B6
:1008A000F0810E69002EF9D00D680E6092070CBF22
:1008B0004B690023AD1B8B600AE02B463246E16991
:1008C000676A4046B8470028A5EB0005064406DDE8
:1008D000002DF2DCE2E7E16B002997DCDEE7A3897B
:1008E00043F04003A3814FF0FF30BDE8F081226D5B
:1008F000A1E72269226023F40062A281DB044FF0A9
:1009000000026260BDD52065BBE7D8F80030002B3F
:100910008ED01D2B01D0162BE1D1C8F80050BDE7B9
:100920000100402000B5034683B008B1426B52B3CA
:10093000B1F90C0098B14A6ED20701D4820512D5E4
:1009400018460091FFF754FF00994A6E0346D007FE
:1009500002D48A8992050ED5184603B000BD03461D
:10096000184603B000BD886D01930091FCF75EFA54
:10097000DDE90013E4E7886D0093FCF759FA009B6A
:10098000184603B000BDCDE90001FCF703F8DDE92E
:100990000031CDE710B50C46B1F90E1000F06EF83D
:1009A000002803DB236D0344236510BDA38923F4D2
:1009B0008053A38110BD00BF2DE9F0411F46B1F95E
:1009C0000C301646DA050C4605460BD423F480534A
:1009D000A381B4F90E103B4632462846BDE8F041EB
:1009E000FCF7D0B90223B1F90E10002200F030F864
:1009F000B4F90C30EAE700BF10B50C46B1F90E109F
:100A000000F026F8B4F90C30421C0EBF23F48053DA
:100A100043F480532065A38110BD00BFB1F90E10CF
:100A200000F004B8004870473834002038B5074C4F
:100A30000023054608462360F8F736FC431C00D027
:100A400038BD2368002BFBD02B6038BD9C460020AE
:100A500038B58C46084C114605461A4660460023B8
:100A60002360F8F72DFC431C00D038BD2368002B11
:100A7000FBD02B6038BD00BF9C46002038B58C46AB
:100A8000084C114605461A46604600232360F8F7D5
:100A900009FC431C00D038BD2368002BFBD02B6021
:100AA00038BD00BF9C4600200000000001F0FF019F
:100AB000102A2BDB10F0070F08D010F8013B013A89
:100AC0008B422DD010F0070F42B3F6D1F0B441EABB
:100AD000012141EA014122F007047FF000070023D1
:100AE000F0E80256083C85EA010586EA010685FA27
:100AF00047F5A3FA87F586FA47F6A5FA87F68EB981
:100B0000EED1F0BC01F0FF0102F0070232B110F8A3
:100B1000013B013A83EA010313B1F8D10020704789
:100B200001387047002D06BF35460338073815F0E9
:100B3000010F07D1013015F4807F02BF013015F499
:100B4000C03F0130F0BC0138704700BF30B50446EB
:100B500087B05BB110480193D0F8C85171B12046FD
:100B6000A847421C019B10D007B030BD00F582732E
:100B700009480193D0F8C8510029F0D10A4620460F
:100B800003A9A847421C019BEED100218A221960CB
:100B9000226007B030BD00BF6032002010B582B0C7
:100BA000049CCDE900344FF0FF3302F0E7FA02B0C5
:100BB00010BD00BF4DF804BD83B08DED000B019A50
:100BC000DFF870C022F0004300216345016025D8A2
:100BD000DDF800C053EA0C0C20D0DFF85CC002EA5C
:100BE0000C0CBCF1000F0AD19FED107B20EE077BAF
:100BF0008DED007B019A6FF0350122F00043DDE9B5
:100C000000BC6FF31E5242F07F5C1B154CF4001CBD
:100C1000A3F2FE33CDE900BC0B4403609DED000B55
:100C200003B05DF804BB7047AFF300800000000024
:100C300000005043FFFFEF7F0000F07F00B50B4C3A
:100C40002468864685B0E0689C460C4652B1084947
:100C50000094CDE9011273460649624600F0B8FFE0
:100C6000F8F734FB04490A46F2E700BFC834002015
:100C7000F8190020081A0020F01100202DE9F04F8B
:100C800003690C69A34283B0C0F28880013C01F182
:100C9000140500F1140855F8243058F824200133C5
:100CA00008EB84069A4200964FEA840B05EB840712
:100CB000B2FBF3F63AD300230191C64629469C467F
:100CC00051F8042BDEF800901FFA82FA06FB0A3373
:100CD0004FEA134A120C06FB02A29BB21FFA89FAD2
:100CE000AAEB030363441FFA82FCCCEB234C0CEB0E
:100CF000194C9BB243EA0C438F424EF8043B4FEA37
:100D00002C4C4FEA1243DBD258F80B3001996BB9E7
:100D1000009B043B984504D307E0984504F1FF3459
:100D200003D21A68043B002AF7D004618146FFF71A
:100D30004FFA00282EDB01364146002255F8040BFD
:100D4000D1F800C01FFA80FE1FFA8CF3A3EB0E034C
:100D50001344020CC2EB234202EB1C429BB243EA57
:100D60000243AF4241F8043B4FEA2242E6D258F830
:100D7000242008EB84036AB9043B984504D307E0B8
:100D8000984504F1FF3403D21A68043B002AF7D0D7
:100D9000C9F81040304603B0BDE8F08F002003B022
:100DA000BDE8F08F2DE9F04F93B08DED000B04916D
:100DB000816B1C9D069257EC106B0446089341B161
:100DC000C26B4A60012393408B60FEF723FF002330
:100DD000A363B7F10008B4BF012300232B60A34B2A
:100DE000BCBF28F00048CDF8048033EA080300F0C7
:100DF00092809DED007BB5EE407BF1EE10FA0DD1B7
:100E0000089A012313601D9B13B11D9A984B136020
:100E1000984B0293029813B0BDE8F08F10AAB0EE81
:100E2000470B11A920468DED027BFFF743FB5FEADC
:100E300018539DED027B109A834640F08280119BEF
:100E4000134403F23241202940F3E281C1F1400111
:100E500008FA01F803F2124126FA01F148EA010109
:100E600006EE101AB8EE466B013B16EE901A4FF0E4
:100E70000108A1F1F8719FED772BB7EE081B9FEDEC
:100E8000775B9FED784B06EE901A03EE903A36EEC4
:100E9000416BB8EEE33BA6EE025BB0EE456BA3EE12
:100EA000046BFDEEC65BB5EEC06BF1EE10FACDED56
:100EB000055A00F1C0800599D21A162902F1FF3AAD
:100EC00000F2A4806C4B03EBC10393ED006BB4EE16
:100ED000C67BF1EE10FA00F1A281002A40F3C08433
:100EE0000027CDE90A178A4400230993049B092BA4
:100EF0003DD8052BC4BF043B0493049BA3F102031C
:100F0000CCBF00250125032B33D8DFE813F0FA010D
:100F1000F701ED019201089AC8F3130842F20F732A
:100F200058EA060813601BD11D9B002B00F0428677
:100F3000524B029308331D9A0298136013B0BDE818
:100F4000F08F17EE901AB0EE476BC1F3130141F02A
:100F50007F51A3F2FF3341F440114FF000088AE7BC
:100F60001D9B002B40F06181454B029352E700230B
:100F700004930025E563294620468DED067BFEF7A8
:100F80001FFE9DED067B0290002800F0B485119AAB
:100F9000029BA363002A75DB05990E2972DC364B90
:100FA00003EBC10393ED003B87EE036BBDEEC66B15
:100FB000029916EE103A303301F8013B4FF0FF3939
:100FC000B8EEC65BA5EE437B0123B2EE044B11E005
:100FD00087EE036BBDEEC66B013316EE102A4B4550
:100FE00002F13002B8EEC65B01F8012BA5EE437B9F
:100FF00000F0A38427EE047BB5EE407BF1EE10FAFF
:10100000E6D1059B013304930D46ECE001230B93DD
:10101000059BBAF1000FBABFC2F101074FF0000AF9
:101020000027002B80F2F180059BFF1A5B42099399
:1010300000230A935AE7B8EEE55BB4EE465BF1EEA7
:1010400010FA3FF438AF05990139059133E700BF35
:10105000AFF3008061436F63A787D23FB3C8608B53
:10106000288AC63FFB799F501344D33F0000F07F8E
:101070009119002090190020A8020020381A0020A1
:10108000441A00204FF0FF390695CDF83090B8F1A2
:10109000000F00F0E984DDF8248002F233420121E0
:1010A00020469244BD18FEF7CFFE0646002F40F0C2
:1010B0009F82099B002B00F09383B8F1000F40F052
:1010C00077835946099A2046FEF7B0FF01238346ED
:1010D000099301212046FEF7B7FE0A9B8046002BAC
:1010E00040F04582049B012B40F3AA82012050442A
:1010F00010F01F0000F008811B2800F3D582C0F11A
:101100001C00054407448244002D05DD59462A464B
:101110002046FEF7E7FF8346BAF1000F05DD4146A2
:1011200052462046FEF7DEFF80460B9B002B40F028
:101130000082B9F1000F40F3D781099B002B40F0EA
:101140002481059B01330493029F012507E0594642
:1011500000230A222046FEF767FD013583464146FB
:101160005846FFF78BFD4D4500F1300A07F801ABFB
:10117000EDDB029BB9F1000F03F1010209F1FF3928
:101180004FF00003D8BF4FF0000991440093594637
:1011900001222046FEF7A6FF41468346FFF718F8D6
:1011A000002840F32083029A02E0914500F0268354
:1011B0004D4609F1FF3915F8013C392BF5D00133C3
:1011C00089F8003041462046FEF724FD5EB1009BC1
:1011D0002BB1B34203D019462046FEF71BFD314622
:1011E0002046FEF717FD59462046FEF713FD002363
:1011F0002B70089B049A1A601D9B002B3FF40AAECB
:1012000002981D6013B0BDE8F08F9A440A936BE614
:10121000C1F1200106FA01F106EE101A22E6059B43
:10122000013B059300230B93F2E6AC4B029303338F
:1012300081E601230D93DDE90523134403F1010940
:101240004E46012E0C93B8BF0126172E40F39C8406
:10125000012204235B0003F11400B042114602F1A5
:101260000102F7D9E16320468DED0E7BFEF7A8FC65
:101270000290002800F03F84B9F10E0F9DED0E7B27
:10128000A06346D8002D44D00599002940F3F1828F
:10129000934B01F00F0203EBC203CD0593ED006BFE
:1012A0004FEA211340F18A838E4A92ED085B03F0E6
:1012B0000F03032187EE054B002B00F0FB81894AC9
:1012C00001E05B100832D80703D45B100832DE0758
:1012D000F7D592ED005B5B1001F1010126EE056B85
:1012E00000F0E8810832F2E701230D93069B002B02
:1012F00040F38B81069E0C96B146A6E700230D9322
:1013000099E700230D93F1E71C200544074482442C
:10131000FAE6119A002AC0F24081059B0E2B00F3D9
:101320003C816F4B059A03EBC20393ED003B069B98
:10133000002B80F2ED82B9F1000F00F3E98240F05A
:101340008682B1EE046B23EE066BB4EEC67BF1EE43
:1013500010FA494640F27C82029D312305F8013B98
:101360002046FEF757FC059B023304933BE73146CA
:1013700000230A222046FEF757FC0C9B002B064652
:1013800040F3FA83DDF830900595002F05DD3146F6
:101390003A462046FEF7A6FE06460A9B002B40F082
:1013A000F6823746029D6B1E4B440A93009B03F066
:1013B00001030C9341465846FFF760FC31460B9001
:1013C00000F1300A5846FEF703FF414681463A468F
:1013D0002046FEF71DFFC3680146002B36D1099059
:1013E0005846FEF7F5FE099906902046FEF712FCD6
:1013F000069A002A5AD1049B1BB90C9B002B00F0C3
:10140000A483B9F1000F43DB0A9BA9469D4209F86A
:1014100001AB00F0D782594600230A222046FEF78E
:1014200003FCBE42834631464FF000034FF00A02F0
:10143000204635D0FEF7F8FB3946064600230A223F
:101440002046FEF7F1FB4D460746B3E72046FEF780
:10145000E1FBB9F1000F08DB009B03F00102049BE4
:1014600049EA030952EA09022ED1594601222046CF
:10147000FEF738FE41468346FEF7AAFE002840F3F9
:101480004183BAF1390F00F024830B9B03F1310A39
:1014900005F801AB059B0096013304933E4691E6A7
:1014A000FEF7C2FB4D460646074683E7B9F1000F3B
:1014B000C0F28483049B49EA03090C9B53EA09099F
:1014C00000F07C83002A9FDDBAF1390F00F0018320
:1014D0000AF1010305F8013BDCE700BF441A0020D4
:1014E000A802002080020020049B022B7FF725AE7B
:1014F000B9F1000F40F0008241464B4605222046DC
:10150000FEF792FB014680465846FEF761FE4845CD
:1015100040F3F281029D312305F8013B414620460C
:10152000FEF778FB059B02330493002E7FF457AE41
:1015300059E641465846FEF74BFE0028BFF6F9AD86
:10154000594600230A222046059DFEF76DFB099BA4
:10155000013D8346002B7FF40AAF0C9B002B40F328
:10156000FE82059BDDF8309004930595ECE51A4664
:1015700001462046FEF75AFD049B012B804640F3AE
:10158000F98100230A93D8F8103008EB8303186917
:10159000FEF7F0FBC0F12000A9E50D9B73B9002F09
:1015A00067D1099B002B74D11D461E4691E5119A07
:1015B000002A03DB05990E297FF7B4AE049B012BAB
:1015C0007FF765AD099B09F1FF384345C0F277818C
:1015D000B9F1000FA3EB080880F2BE82A7EB090364
:1015E000012120460D93FEF72FFC3D460D9F064638
:1015F000BAF1000F7FF75DAD57453B46A8BF534694
:10160000ED1AFF1AAAEB030A53E50021E163204615
:101610008DED067BFEF7D4FA9DED067B0290002847
:1016200000F06982029BA363002D40F09F81119A14
:10163000AA42C0F27C8201230C93994606936CE681
:10164000009B002B7FF452AD019BC3F31303002BCF
:101650007FF44CAD019B23F000431B0D1B05002BB9
:101660003FF444AD012301350AF1010A0A931846FB
:101670003DE5BAF1000F00F0FE8157453B46099E5B
:10168000A8BF5346FD1AAAEB030A2F46002E3FF4CB
:1016900020AD5946099A2046FEF7C8FC0023834630
:1016A00009933D461E4614E51C283FF42DADC0F1BC
:1016B0003C002AE684EE065B0B9B3BB1B7EE006B69
:1016C000B4EEC65BF1EE10FA00F1E081B1EE0C4B26
:1016D00006EE901AB8EEE66BA6EE054B14EE901AE5
:1016E00053EC142BA1F15073B9F1000F00F09B8063
:1016F000DDF814C0484643EC142BB64B029DFDEEBA
:10170000C53B03EBC00212ED022B13EE902A02F14F
:10171000300E0D9A691CB8EEE36B0E4635EE466B43
:10172000002A00F05B81B6EE003B83EE025B35EEF3
:10173000445BB4EEC65BF1EE10FA85F800E000F30E
:101740002782B7EE001BB2EE043B002518E00135FE
:101750008542BFF62CAF26EE036B25EE035BFDEE54
:10176000C64B14EE902AB8EEE42B303236EE426BC4
:10177000B4EEC56BF1EE10FA01F8012B00F1DF8138
:1017800031EE464BB4EEC54BF1EE10FADFD5029ABE
:101790000CF1010C02E0914200F097810D4611F826
:1017A000013D392BF7D001330B70CDF810C01AE58D
:1017B000314642462046FEF739FC5A460146064667
:1017C0002046FEF76FFB59460D902046FEF722FAA1
:1017D000099BDDF834B0B3EB080309937FF471ACD7
:1017E0000123099375E403D11AF0010F7FF4DBACF8
:1017F0004D4619F8013D302BFAD0E3E4059B029ADF
:101800000233049331231370DCE406EE901AB1EE38
:101810000C4BB8EEE66BA5EE064B14EE901A53ECAB
:10182000142BA1F1507343EC142BB1EE046B35EE85
:10183000466BB4EEC46BF1EE10FA00F35681B1EED4
:10184000444BB4EEC46BF1EE10FA7FF562AD0021AB
:101850002046FEF7DFF9069B029D5B420493C2E43B
:10186000059B0A939A460023C2F101070B93FFF7E9
:101870003BBB00F00781059A564B524202F00F0124
:1018800003EBC10393ED005B131127EE055B00F042
:101890007981514A022101E05B100832DD0703D44F
:1018A0005B100832D807F7D592ED006B5B1001F1A1
:1018B000010125EE065B3FF4FFAE0832F2E7099B1B
:1018C0000A9AA8EB03031A44012120460A92FEF764
:1018D000BBFACA4407EB09050646CDF82480002F61
:1018E0003FF4EFAB57453B46A8BF5346ED1AFF1AEE
:1018F000AAEB030AFFF7E5BB41462046FEF78AF94B
:10190000069B029D5B420493002E7FF468AC6AE460
:10191000029B5E1C87EE036BBDEEC66B029A16EE51
:10192000103AB9F1010F03F13003B8EEC65B31464E
:101930001370A3EE457B7FF447AB37EE077BB4EE25
:10194000C37B059BF1EE10FA03F1010304939C465F
:1019500008DCB4EE437BF1EE10FA05D116EE103A36
:10196000DB0701D5029A19E70D463CE40C95A94620
:10197000069589E4009B002B7FF403AEDDE900129D
:10198000C2F31303002B00F0C4800A91FBE57168D9
:101990002046FEF715F90546002800F0048133695A
:1019A00002339A0006F10C010C30F7F775F829465E
:1019B00001222046FEF796FB0746F3E40221B0EE33
:1019C000474B79E4059B009601333E460493FFF7AD
:1019D000DEBB00BFA802002080020020029A24EE95
:1019E000022B012882F800E014D0B2EE043B029AE8
:1019F000151826EE036BFDEEC65B15EE902A30320D
:101A000001F8012BA942B8EEE54B36EE446BF0D15C
:101A1000711E0144B6EE005B32EE054BB4EEC64BD0
:101A2000F1EE10FA3FF5B3AE35EE425BB4EEC65BB5
:101A3000F1EE10FA0DDC119A002AFFF6B0AD059A0E
:101A40000E2A3FF7ACAD059A03EBC20393ED003BC2
:101A500060E70D46013915F8013C302BF9D00CF147
:101A600001030493FFF7BFBB109ADDF82480C2F195
:101A70003602FFF714BB099E002E7FF40AAE3D46E6
:101A8000FFF727BB0221B0EE475B15E6B9F1000F67
:101A90003FF4BBAE0C9800287FF73BACB2EE043BA2
:101AA000B1EE0C4B013106EE901A25EE035B059B5F
:101AB000B8EEE66BA5EE064B14EE901A03F1FF3C70
:101AC00053EC142BA1F1507315E60CF1010C3123EA
:101AD0006AE6A946392309F8013B059B00960133C4
:101AE000029A04933E46FFF763BB029D312305F83B
:101AF000013B002134E4334B3348002240F2AF1164
:101B0000FFF79CF87FF4C4AC1AF0010F7FF4B9AC76
:101B1000BEE4019B23F000431B0D1B05002B3FF48B
:101B200031AD012301350AF1010A0A932BE50D9B22
:101B3000002B33D101230C93994606932FE50CF12A
:101B4000010304930D46FFF74EBBBAF1390FC0D025
:101B500091453FF79AAC9BE44A46FFF7A0BA049A36
:101B6000022A05DC059A049299460595FFF7ECBA1E
:101B70000595DDF83090BBE4049A0595022AF8DC5F
:101B8000994602E4022197E50021E163FFF76BBB70
:101B90000CF1010304930D46FFF725BB0D9B069343
:101BA00099460C930EE5074B07482A4640F2EF2171
:101BB000FFF744F8054B0293FFF72CB9002A3FF7D3
:101BC00054AC65E4D8180020481A0020381A0020C8
:101BD0000EB400B582B003ABDFF81CC053F8042B81
:101BE00001930146DCF8000000F008F802B05DF84F
:101BF00004EB03B0704700BFC83400202DE9F04F5C
:101C0000C5B00DF1500A8346049116460021082202
:101C100050461C460B93FAF779FFBBF1000F04D036
:101C2000DBF83430002B00F04987049B5A6EB3F97F
:101C30000C30D00740F14181990400F1A985049945
:101C400043F4005322F400528B814A66930401F15D
:101C5000AE80049BB3F90C301D0740F1BD80049A9F
:101C60001269002A00F0B88003F01A020A2A00F074
:101C7000C2800023CDE91933CDE90E331BAADFF86A
:101C80006C980D93189217460793B0464546D9F8BD
:101C9000CC41FBF759F8CDF800A003462A4612A91B
:101CA0005846A047002800F0C580C0F2BB80129AB9
:101CB000252A034601D01D44E9E7B5EB0806044692
:101CC00040F0BC80002319468DF8433008934FF054
:101CD000FF326B78059205F10108039108F10108C4
:101CE0001946A1F120035A2B00F2F280DFE813F02D
:101CF000E603F000F000DF03F000F000F000BF03A7
:101D0000F000F00007025302F00012020004F0009D
:101D1000F1035B005B005B005B005B005B005B0052
:101D20005B005B00F000F000F000F000F000F0005D
:101D3000F000F000F000D8019F03F000F000F00088
:101D4000F000F000F000F000F000F000F0001902E8
:101D5000F000F000F000AA01F000FB02F000F0003B
:101D6000BA05F000F000F000F000F000F000F00024
:101D7000F000F000F000D8016801F000F000F00081
:101D8000950368016D00F0008B03F0007D036A038A
:101D900020036D00F000AA016A005902F000F00073
:101DA000FB05F0006A00A1F13003002218F8011BC6
:101DB00002EB820203EB4202A1F13003092BF5D9B9
:101DC00008928EE798F8003088E7039B43F02003E1
:101DD000039398F8003081E7049D5846294601F0A6
:101DE000E3F8002840F0F687B5F90C3003F01A024A
:101DF0000A2A7FF43EAF0499B1F90E20002AFFF6BB
:101E000038AF4A6ED20702D49F0540F190870499FB
:101E100023463246584601F015F80790079845B01A
:101E2000BDE8F08F082200215046FAF76FFE01232B
:101E30001D442CE7B5EB0806044610D01A9B33442A
:101E40001A93199B0133072BC7E90086199310DCFD
:101E50000837079B33440793002C7FF433AF1A9B5A
:101E6000002B40F06E87049B0022B3F90C301992CE
:101E700018E0049918AA584601F024F878B91BAF65
:101E8000E7E7049918AA584601F01CF8002800F06A
:101E90008380099B1BB109995846FBF7EBF8049B1B
:101EA000B3F90C30049A526ED0077FD55B0600F16F
:101EB0006687079845B0BDE8F08F9F0540F1148113
:101EC0009D047FF5BCAE90047FF5C6AE00F071BFF7
:101ED0000029C4D0002301228DF8AC108DF84330C6
:101EE00009930A9205932BAD0692DDE919C0039C74
:101EF00014F084060146624626D1089B069C1C1BF2
:101F0000002C00F3ED839DF8433003B300260C96BC
:101F10000132012301317B60072A0DF14303CDE932
:101F200019213B6000F3868308370C9B63B10132B3
:101F300011AB02313B60072A4FF00203CDE91921B2
:101F40007B6000F36B830837802E00F0EE82059BE8
:101F50000A981C1A002C00F326830A9B3D6001326C
:101F60001944072ACDE919217B6000F34C83083717
:101F7000039B5C0705D5089B069A9C1A002C00F36E
:101F80006583DDE9073206988242ACBF9B181B18B7
:101F9000079300297FF475AF00231993099B1BB1A8
:101FA00009995846FBF766F81BAF6FE69A053FF5AF
:101FB0007DAF049CA06DFAF73BFFB4F90C3075E7D8
:101FC000039B980640F13C840B9B073323F00702E8
:101FD000536852F8084B0B921E46002BC0F2388211
:101FE000059A002A07DB039B23F08003039354EA3E
:101FF000060300F08C840A2C76F1000380F0F78051
:102000003034059A9DF843308DF80F41012AB8BF4E
:1020100001220692002B00F0AF83069B01330025BE
:1020200006930123CDE909530DF20F15DDE91921BE
:10203000039B13F08406084694463FF45EAF0023EA
:102040000C9365E70B9E00238DF8433056F8043B54
:102050000993002B00F05585532900F07284039BEF
:1020600013F0100440F06D84059A002AC0F2138525
:1020700009982146FEF71AFD9DF84330099D002876
:1020800000F08B86421B0A9222EAE2720692002B33
:1020900000F00E850132059406920B960994C5E76F
:1020A000432903D0039BDD0640F127840822002149
:1020B00016A8FAF72BFD0B9A2BAD126816AB294622
:1020C0005846FEF743FD0A90013000F04F860A9B08
:1020D00023EAE37306930B9B04330B9300238DF8E1
:1020E00043300993059300E7049DA86DFAF79EFE1F
:1020F000B5F90C306A6E99043FF5A8AD9FE50B9BCE
:1021000053F8042B0892002A80F23D83089A0B931F
:1021100052420892039B43F00403039398F8003063
:10212000DCE5039B43F010009B0640F14E830B9BC4
:10213000073323F007031A46596852F8083B0B92FD
:1021400000228DF84320059A002AC0F2118320F462
:102150009062039253EA010200F01E8344AD03F043
:102160000702DB0843EA4173C908303253EA01042D
:10217000284605F8012DF2D1039B13F0010340F02E
:102180009E82059A099344AB5B1B9A42B8BF1A46DC
:102190000A930692A9E62B238DF8433098F8003075
:1021A0009CE503998E0600F1A48003990B9A11F027
:1021B000100052F8043B40F02783039911F04001CE
:1021C00000F0CA848DF843009BB205990026B14205
:1021D0001C4606DB039921F080010391002B00F0DF
:1021E0007B850A2C76F100030B92FFF409AF039B69
:1021F00009970020CDF830B044A9DDF834B006903E
:1022000003F48067CDF8288025E00690A319B5482F
:1022100043F10003A0FB032C2CF0030202EB9C0211
:102220009B1AE31A4FF0CC32A046B64602FB03F2EB
:1022300066F1000600FB0622A3FB0043B8F10A0F7B
:1022400013444FEA54047EF1000E294644EAC37455
:102250004FEA53062ED3069BA24A01330693A319D5
:1022600043F100031046A2FB032525F0030202EB15
:1022700095029B1AE31AA3FB003266F1000500FBEE
:1022800005225B0843EAC27303EB8303A4EB430319
:10229000303301F8013C4D1E002FB7D006989BF853
:1022A00000308342B1D1FF28AFD00A2C76F1000371
:1022B00080F0AF8405999DF84330CDF834B044AA3E
:1022C000521B9142B8BF1146DDE90978DDF830B004
:1022D0000A920691002B00F0EE83069B01330693D1
:1022E00000230993A2E6039B43F010019B0640F1F3
:1022F00089820B9B073323F0070200238DF84330BC
:10230000059B566852F8084B0B92002BC0F2EE82E8
:1023100021F08003039354EA06037FF46CAE059B1F
:10232000002B40F0DE840A930693099344ADDCE56C
:10233000059C0B990398002247F630039442ADF8B0
:1023400044308DF8432051F8043BC0F2D28220F093
:10235000800040F002000390002B00F0E58303F0C2
:102360000F0461481B09045D8DF80F410B9100F0CB
:102370005685022106910DF20F1503F00F011B097E
:10238000415C05F8011D43EA0273120953EA020198
:10239000F3D144AB5A1B059B0A929342B8BF134634
:1023A000069A002A00F03985DDE91921039C0233E1
:1023B00014F0840606930846944600F0E982002350
:1023C0000993B4E5039886063FF5B1AE03990B9ADD
:1023D000CD0652F8043B00F114850398440640F101
:1023E000C8839BB20B920021AAE603990B9A8C0634
:1023F00002F1040340F1F081126807991160C917D6
:1024000051600B9342E498F800306C2B00F08F82FF
:10241000039A42F01002039260E498F80030682BAF
:1024200000F07B82039A42F04002039256E4039A42
:10243000940642F0100300F100820B9A04320B99CB
:1024400003930C680B92E6173346002BBFF6C8AD1A
:102450002D238DF84330059B644266EB4606002B26
:10246000FFF6C9AD039B23F080030393C3E55846F1
:10247000FEF7D8FA43680F931846FAF7E7FC0E9078
:1024800004465846FEF7CEFA826898F800300D925E
:10249000002C3FF423AC002A3FF420AC1278002A31
:1024A0003FF41CAC039A42F48062039216E4039B4F
:1024B00043F00103039398F800300FE49DF84320A4
:1024C00098F80030002A7FF409AC20228DF84320D0
:1024D00004E4039B43F08003039398F80030FFF774
:1024E000FDBB00BFCDCCCCCC6019002060320020F9
:1024F000404610F8011B2A2900F07784A1F130032F
:10250000092B98BF002200F2178410F8011B02EB80
:10251000820203EB4202A1F13003092BF5D942EA12
:10252000E27305938046FFF7DCBB089B06981C1AF4
:10253000002C7FF70CAD102C40F3268438460C9508
:10254000AE4F049D102604E0103C102C00F1080052
:1025500015DD01321031072AC0E90076CDE91921D5
:10256000F2DD18AA2946584600F0ACFC00287FF49A
:1025700090AC103C102CDDE919211BA8E9DC0C9D66
:102580003B46074601322144072ACDE919213B6029
:102590007C6000F3A482059B0A981C1A002C07F1AA
:1025A00008077FF7DAAC102C40F3ED82384610268E
:1025B000924F04E0103C102C00F1080016DD0132AF
:1025C0008E4B1031072AC0E90036CDE91921F1DD23
:1025D000049918AA584600F075FC00287FF459ACFD
:1025E000103C102CDDE919211BA8E8DC3B4607460E
:1025F00001322144072ACDE919213B607C6000F3B8
:10260000AA800837A9E4049918AA584600F05AFC91
:1026100000287FF43EAC1A991BAFA9E4049918AACC
:10262000584600F04FFC00287FF433ACDDE9192157
:102630001BAF89E4049918AA584600F043FC00280F
:102640007FF427ACDDE919211BAF6EE4102C199B38
:1026500040F381833A46049E694F102504E0103C04
:10266000102C02F1080215DD01331031072BC2E9ED
:102670000075CDE91931F2DD18AA3146584600F04F
:1026800021FC00287FF405AC103C102CDDE9193149
:102690001BAAE9DC3E46174601332144072BC7E954
:1026A0000064CDE919317FF76CAC049918AA58463B
:1026B00000F008FC00287FF4ECAB1A9961E4302AA2
:1026C00000F001823023059A05F8013C023844AB42
:1026D0001B1A9A42B8BF1A460A9306920546EFE0C3
:1026E00000230C93102C464E624623DD39461023FE
:1026F0002F46049D04E0103C102C01F1080117DD69
:1027000001321030072AC1E90063CDE91920F2DD5A
:1027100018AA2946584600F0D5FB00287FF4B9AB2B
:10272000103C102CDDE919201BA94FF01003E7DC49
:102730003D460F4601322118072ACDE919213E6096
:102740007C6000F37A819DF843600837002E36D014
:102750000026FFF7DDBB049918AA584600F0B2FB2B
:1027600000287FF496ABDDE919211BAFFFF7F5BB1D
:1027700020F480620392F1E4099301230A930DF29D
:102780000F15FFF7B2BB0B9398F80030FFF7A6BA0E
:1027900092047FF561AAF2E2059A002A7FF4DEAC8A
:1027A00010F00102069200F0428130238DF80F31C3
:1027B000059B0A9209930DF20F15FFF796BB0C9B30
:1027C000002B7FF4B4ABFFF7C2BB0B9B1A1D0B9B16
:1027D0000B921B680021B3E4039AD00600F18C81B0
:1027E000039A510600F19582039A920540F1848183
:1027F0000B9A07991268117003E600BF5C2800204D
:102800000C2300200B9B1A1D0B9B05981B680026B0
:10281000B0428DF843601C4667DB21F080010391D4
:10282000002B7FF4DEAC0B92002840F05A820A9015
:102830000690099044ADFFF758BB0393FFF7C4BB64
:10284000039B0B9AD90652F8044B3FF5F8AD039B56
:102850005E0640F1768144F3C0360B9224B23346D3
:10286000FFF7BBBBAD48039B9D0640F1B5800B9BBA
:10287000073323F007031A465C6852F8083B0B92B3
:10288000039A12F00102069240F08C808DF84320EA
:10289000059A002AC0F2B780039A22F4906203924C
:1028A00053EA040240F0F380059A002A00F0F68112
:1028B00003788DF80F31012306920A930DF20F155C
:1028C000DDE91921039B13F084060846944600F0C5
:1028D000A1829DF84330002B00F0AB8200230993C6
:1028E0000C93FFF715BB8E48BDE70B920391FFF7E2
:1028F00082BB40F00200039031E50B9B1B688DF812
:10290000AC30012306930A932BADFFF7E4BB002AFA
:1029100000F0D4813024FFF774BB039B43F40073B1
:10292000039308F1010898F80030FFF7D7B9039B2B
:1029300043F02003039308F1010898F80030FFF7F3
:10294000CDB9099B13930822002116A8FAF7DEF8E7
:10295000059B002BC0F219810024069725461F46CF
:102960000EE02BA95846FEF7F1F8411C284400F070
:10297000FD81B84209DC04F1040400F00882054638
:10298000139A125916AB002AEBD1069F05950AE15E
:10299000089C069B0996E41A002C7FF7C8AA02231C
:1029A0000C939FE653EA04025ED100238DF8433076
:1029B000059B002BC0F22181039B23F490630393BA
:1029C00000F0878103788DF80F31069B0A93059BF1
:1029D00006930DF20F1573E70B9A52F8043B0B9216
:1029E000039AD40608D4520602D59BB2002447E7C6
:1029F000039A960500F18181002441E742F002022A
:102A0000039202220692039A22F48062039203F058
:102A10000F02825C8DF80F211B0943EA047322091F
:102A200053EA14147FF4A7AC0DF20F15B1E4059B23
:102A300044ADCDE90933FFF758BA049918AA5846AE
:102A400000F040FA064600287FF423AA9DF84330A0
:102A5000DDE91921002B40F089800C9B1BAF002B76
:102A60007FF465AAFFF773BA30228DF84420002264
:102A70008DF84320059A8DF84510002A039ABDDB96
:102A800022F4906242F0020203920222069203F0C4
:102A90000F02825CBEE7099D2846FAF7D7F99DF838
:102AA00043300A9020EAE0720692002B7FF4F2AAEB
:102AB000099D05930B960993FFF717BA5846F9F746
:102AC00069FFFFF7B2B8059A44AB5B1B9A42B8BFE7
:102AD0001A460A93002306920993FFF706BA04994F
:102AE00018AA584600F0EEF900287FF4D2A9DDE9D3
:102AF00019211BAFFFF72BBA0B9A079912681160C7
:102B00007FE4059B074D0B96062B28BF06230693F3
:102B10000A93099B0593FFF7E8B900BF74190020D9
:102B200060190020881900200B91002C00F0DC8037
:102B3000302301228DF80F310DF20F1523460A9232
:102B400032E4039B0B929D054ABF44F3C016E6177F
:102B500064B23346FFF741BA039810F4007600F0F0
:102B6000CF808DF84310DBB2FFF72FBB1BAFFFF711
:102B7000CFB9039810F4007100F0BB80DBB20B9268
:102B80000021FFF7DDBAAC4B32E516AB0093002312
:102B900013AA19465846FEF701F80590013000F0D7
:102BA000E580099B1393059B002B7CD0632B00F3DE
:102BB000B680002309932BAD0822002116A8F9F74F
:102BC000A5FF059C16AB009313AA23462946584639
:102BD000FDF7E4FF844240F01681059900236B5411
:102BE00021EAE17206929DF84320002A40F0B58068
:102BF000CDE90A160592FFF778B903788DF80F3101
:102C0000039B23F480630393069B0A930DF20F1535
:102C100056E60E9A0F99AD1A2846FAF75FF89BF818
:102C200001300BB10BF1010B844AA31943F10003EE
:102C3000A2FB030C2CF0030000EB9C001B1AE31A10
:102C40004FF0CC3166F1000603FB01F102FB0611E7
:102C5000A3FB023001445B0843EAC1744E08A31988
:102C600043F10003A2FB031020F0030101EB9001EC
:102C70005B1AE31AA3FB023166F1000002FB0012AB
:102C80005B0843EAC27303EB8303A4EB43033033D3
:102C900005F8013C0120013DFFF701BB059B0A93AC
:102CA00044A805460CE69DF84330099D0B96003B71
:102CB00018BF01230693059B0A9301E69DF8433054
:102CC0003BB1059BCDE90933012344AD0693FFF7E2
:102CD000ADB9059BFFF727BB059B0B92002B3FF47B
:102CE00022AB0024FFF78CB9059B0A9344ADFFF794
:102CF0005BBB03980B92FFF723BADBB20024BFE55E
:102D000005998DF8436000291C46BFF663AAFFF7BA
:102D100068BA0B9A079912681180FFF772BB591CA9
:102D20005846F7F7F5FF054600B3099044E7886D6C
:102D3000FAF77EF8FFF76BB8002380460593FEF79D
:102D4000D0BF049918AA584600F0BCF800283FF4F8
:102D50008AA8FFF7A4B83A4E9EE4059A0A92069A0A
:102D60000B96013206920593FFF760B90498B0F90B
:102D70000C30426E43F04001D207818109D54FF0FB
:102D8000FF330793FFF795B82B4BFFF7FBBB069F6D
:102D900009E79905F3D4FFF70CB99BB1059B0B9696
:102DA0005A1C06920A9305900990FFF73FB9D7077E
:102DB000E5D4049B9B899E05E1D4049B986DFAF7AA
:102DC00037F8DCE7059A0993CDE905320B960A92AC
:102DD000FFF78BB8049A536ED807D0D4938999051E
:102DE000CDD4906DFAF724F8C9E70B9A98F8013022
:102DF00052F8041B0B9241EAE17180460591FEF7FF
:102E00006DBF0846E3E4049A938943F0400393813D
:102E1000FFF73FB80996FFF770B8069350E5059B9A
:102E20000122012BB8BF01230DF20F150A92FFF703
:102E3000BBBA0993FFF788B85C280020CDCCCCCC76
:102E40000C230020F0B50D46ADF2744D164689896D
:102E50006A6E1B92EA89ADF8162021F00201EA6938
:102E6000ADF8141009921CA96A6A029107460691EE
:102E70000B924FF48061002218A8019304910791EE
:102E80000892F9F7CFFF3246019B02A93846FEF7B8
:102E9000B5FE061E07DB02A93846FDF743FD0028F4
:102EA00018BF4FF0FF36BDF814305B0603D5AB8971
:102EB00043F04003AB811898F9F7B6FF30460DF2A6
:102EC000744DF0BD936810B514461BB91846002325
:102ED000636010BD00F066F90023A3600023636007
:102EE00010BD00BF2DE9F0438E681D46AE420B6851
:102EF00083B00C4690463AD8B1F90CC01CF4906FE0
:102F00000FD13546184641462A46F9F76DFDA368AC
:102F10009E1B2368A6602B440020236003B0BDE8FD
:102F2000F0834A69096902EB42025E1A02EBD2722F
:102F30006B1C52103344934294BF17461F46934272
:102F400088BF1A461CF4806F814612D01146F7F7ED
:102F5000DFFEF0B1324621690190F5F79DFDA289AF
:102F6000019B22F4906242F08002A28105E02E468D
:102F7000C8E7F8F7AFF9034638B123613344BE1B05
:102F8000A660676123602E46BCE721694846FAF7D0
:102F900071F8A3890C2243F04003C9F800204FF0D8
:102FA000FF30A381BAE700BF10B5354B044618685F
:102FB00082B00B4610B1426B002A53D0B3F90C20FB
:102FC000110711D51869C8B1B3F90C2012F001012D
:102FD00026D059694FF0000C4942C3F808C09961E6
:102FE00020B3002002B010BDD00640D5510723D435
:102FF000186942F008029A810028E5D19A8902F402
:103000002072B2F5007FDFD019462046019300F010
:1030100045FA019BB3F90C20186912F00101D8D1CF
:10302000940758BF596999600028DAD11106D9D59B
:1030300042F040029A811FE0196B61B103F1400038
:10304000814206D020460193FAF714F8019BB3F9A8
:103050000C200021196318690021C3E9000122F046
:103060002402C6E70191F9F795FC019BA6E7092127
:1030700042F0400221609A814FF0FF30B2E700BF7A
:10308000C83400202DE9F04F8BB0DDE91589149F7D
:1030900002901C46B8F1000F57D01668019600291F
:1030A000C34608BF4FF0FF3700258846039192467C
:1030B00006E0019B53F8040B0193002837D06546C6
:1030C000AF423ED9002C3CD0DBF800300493DBF853
:1030D00004300593019B02981A68D9F8C8615B46D1
:1030E00006A9B047431C33D000EB050CBC453AD8C9
:1030F000039B013C002BDCD000280DDD08F1FF32E2
:10310000019E06A900EB020E11F8013B02F8013FF7
:103110007245F9D101968044019BDAF8002053F8FA
:10312000040B01930432CAF800200028C7D1039988
:10313000D84609B1CAF800000022C8F800200CF1F6
:10314000FF3528460BB0BDE8F08F00F58678A4E780
:10315000029B05468A21002228461960CBF80020F0
:103160000BB0BDE8F08FD846DDF810A0DDF814B044
:103170002846C8E900AB0BB0BDE8F08F00B585B0BC
:10318000DFF81CC00698009007980190034800687B
:10319000CDF808C0FFF776FF05B000BDC8340020A9
:1031A000603200209368002B00F0B7802DE9F04FCB
:1031B000B1F90CC01CF0080F83B00C4680461746CE
:1031C0002DD00B695BB31CF002033E6833D04FF087
:1031D000000ADFF8C4B25546B9465D452B46524653
:1031E00028BF5B464046B5B1E169676AB847002829
:1031F00040F38B80D9F808301B1A8244C9F8083094
:10320000002B79D02D1A5D452B46524628BF5B46D0
:103210004046002DE8D1D6E900A50836DDE7214675
:103220004046FFF7C1FE002874D1B4F90CC03E68D7
:103230001CF00203CBD11CF0010A70D12368009767
:103240005546002D54D01CF4007FD4F80890184641
:1032500000F0AB80A945CB4600F2E4801CF4906FEF
:1032600034D021696269A3EB010902EB420202EB4F
:10327000D27209F1010352102B44934294BF93463A
:103280009B46934288BF1A461CF4806F00F0E98089
:1032900011464046F7F73CFD002800F0F7804A460B
:1032A00021690190F5F7F8FBA289019B22F4906255
:1032B00042F08002A28103EB09002361ABEB09031A
:1032C000C4F814B0A3602060A946AB4651465A46E4
:1032D000F9F78AFBA2682368A2EB0902A260009AB0
:1032E00091685B44491B2360916029B1B4F90CC01B
:1032F000D6E900A50836A4E7002003B0BDE8F08FAA
:1033000021464046FDF70EFB68B3B4F90C3043F09C
:103310004003A3814FF0FF30EFE7002070471D46C8
:103320009A461846B946009365B3002831D05246F4
:10333000D4E904132068AA4228BF2A46884204D947
:10334000A16803EB010B5A457CDC93426DDCE1691B
:10335000009A676A4046B847B0F1000BD5DDBAEB7A
:103360000B0ACDD00120D9F80830A3EB0B03C9F824
:103370000830002BC0D0009BA5EB0B055B440093ED
:10338000002DD2D1756833460836002DFAD01B685F
:103390000093009F2A460A213846FDF787FB002844
:1033A00071D00130A0EB070AC1E722699A4221D30C
:1033B0006269AA421ED86FF00043AB4228BF2B4679
:1033C000E16993FBF2F3676A02FB03F3404652465E
:1033D000B847B0F1000998DD009A9368A3EB0903A0
:1033E000A5EB09059360002B86D0B4F90CC02368C7
:1033F000CA4426E7A94528BFA94618464A46514669
:10340000F9F7F2FAA2682368A2EB09024B44A26022
:103410002360002AE0D121464046FDF783FA0028C8
:10342000DAD072E7A946AB4650E700990192F9F766
:10343000DBFA019AA3689B1AA360236813442360F4
:1034400093468CE700995A46F9F7CEFA23685B4415
:10345000236021464046FDF765FA00283FF47FAF20
:1034600053E74046F7F736FF034600287FF423AFC3
:1034700021694046F9F7FEFDA3890C22C8F8002017
:1034800023F0800343E76A1C924651E70C22B4F90B
:103490000C30C8F800203AE700FCFF7FB1F90C209F
:1034A000930706D501F143030122C1E904320B6001
:1034B000704730B50B46B1F90E10002999B004469B
:1034C00032DB02AA009300F05BF80028009B29DBA6
:1034D0004FF4806120460093039DF7F719FC009B91
:1034E000B3F90C20002839D005F4704142F0800275
:1034F00018601861B1F5005F4FF480609A815861DF
:103500003AD1B3F90E100093204600F04DF8009B1D
:10351000B3F90C2080B322F0030242F001024FF411
:10352000006117E0B3F90C20019312F0800F0CBF7B
:103530004FF48061402120460091F7F7E9FB019BA1
:103540000099B3F90C2048B1C3E9040142F08002AC
:10355000186000210A439A8119B030BD9105FBD44F
:1035600022F0030203F1430142F002020120C3E909
:1035700004109A811960EFE74FF40061EAE700BF99
:1035800038B5084C00230546084611462360F5F778
:103590008FFE431C00D038BD2368002BFBD02B606E
:1035A00038BD00BF9C46002038B5074C00230546B7
:1035B00008462360F5F782FE431C00D038BD23681F
:1035C000002BFBD02B6038BD9C46002041EC170B34
:1035D000B5EEC07BF1EE10FA01D400F00BB808B5DF
:1035E00081F0004100F006F8404261EB410108BD66
:1035F000000000009FED0B7B41EC160B9FED0B5B79
:1036000026EE077BBCEEC77BB8EE474BA4EE456BBE
:10361000FCEEC67B17EE101A17EE900A704700BF3B
:10362000AFF30080000000000000F03D000000004B
:103630000000F0415FF800F0351700605FF800F01F
:0C364000E11E00605FF800F0351F006024
:04364C00F8B500BF0E
:08365000B472FF7F01000000CD
:103658000000000000000000000000000000000062
:103668000000000000000000000000000000000052
:103678000000000000000000000000000000000042
:103688000000000000000000000000000000000032
:103698000000000000000000000000000000000022
:1036A8000000000000000000000000000000000012
:1036B8000000000000000000000000000000000002
:1036C80000000000000000000000000000000000F2
:1036D80000000000000000000000000000000000E2
:1036E80000000000000000000000000000000000D2
:1036F80000000000000000000000000000000000C2
:1037080000000000000000000000000000000000B1
:1037180000000000000000000000000000000000A1
:103728000000000000000000000000000000000091
:103738000000000000000000000000000000000081
:103748000000000000000000000000000000000071
:103758000000000000000000000000000000000061
:103768000000000000000000000000000000000051
:103778000000000000000000000000000000000041
:103788000000000000000000000000000000000031
:103798000000000000000000000000000000000021
:1037A8000000000000000000000000000000000011
:1037B8000000000000000000000000000000000001
:1037C80000000000000000000000000000000000F1
:1037D80000000000000000000000000000000000E1
:1037E80000000000000000000000000000000000D1
:1037F80000000000000000000000000000000000C1
:1038080000000000000000000000000000000000B0
:1038180000000000000000000000000000000000A0
:103828000000000000000000000000000000000090
:103838000000000000000000000000000000000080
:103848000000000000000000000000000000000070
:103858000000000000000000000000000000000060
:103868000000000000000000000000000000000050
:103878000000000000000000000000000000000040
:103888000000000000000000000000000000000030
:103898000000000000000000000000000000000020
:1038A8000000000000000000000000000000000010
:1038B8000000000000000000000000000000000000
:1038C80000000000000000000000000000000000F0
:1038D8000080E03779C34143176E05B5B5B8934604
:1038E800F5F93FE9034F384D321D30F94877825AD0
:1038F8003CBF737FDD4F1575000000000000F03FEE
:1039080000000000000024400000000000005940B2
:103918000000000000408F40000000000088C34005
:1039280000000000006AF8400000000080842E417A
:1039380000000000D01263410000000084D79741C6
:103948000000000065CDCD41000000205FA00242CC
:10395800000000E876483742000000A2941A6D4241
:10396800000040E59C30A2420000901EC4BCD64234
:1039780000003426F56B0C430080E03779C34143DF
:1039880000A0D8855734764300C84E676DC1AB4355
:10399800003D9160E458E143408CB5781DAF154473
:1039A80050EFE2D6E41A4B4492D54D06CFF080444E
:1039B800F64AE1C7022DB544B49DD9794378EA4463
:1039C800BC89D897B2D29C3C33A7A8D523F64939ED
:1039D8003DA7F444FD0FA5329D978CCF08BA5B250F
:1039E800436FAC64280668111D0000001F0000002A
:1039F8001C0000001E000000362E330000000000EE
:103A080000000000000000000000000000000000AE
:103A1800000000000000000042617365626F7400DE
:103A2800000000000000000000000000000000008E
:103A380000000000000000006E6F6E6500000000CE
:103A4800000000000000000000000000000000006E
:103A58000000000000000000F4120020FC1200200A
:103A6800041300200C13002010130020181300204A
:103A780020130020281300203013002038130020C2
:103A8800441300204C13002054130020601300201E
:103A98006813002070130020781300208013002082
:103AA8008C130020941300209C130020A8130020DE
:103AB800B0130020B8130020C0130020CC1300203E
:103AC800D4130020DC130020E4130020EC130020A2
:103AD800F4130020FC130020001400200814002018
:103AE8001014002018140020201400202414002092
:103AF8002C140020341400203C140020441400200E
:103B08004C14002050140020581400206014002089
:103B180068140020701400207814002080140020FD
:103B2800881400209014002098140020A01400206D
:103B3800A8140020B0140020B4140020B8140020E9
:103B4800C0140020C8140020D0140020D81400206D
:103B5800E0140020E8140020F0140020F8140020DD
:103B68000015002008150020141500201C15002041
:103B7800241500202C150020341500203C150020A9
:103B88004415002018130020481500204C1500206B
:103B9800541500205C150020641500206C150020C9
:103BA800741500207C150020841500208C15002039
:103BB800941500201C1500209C150020A415002039
:103BC800AC150020B4150020B8150020C015002041
:103BD800C8150020D0150020D4150020DC150020C1
:103BE800E4150020EC150020F0150020F815002041
:103BF80000160020081600201016002018160020B5
:103C08002016002028160020301600203416002028
:103C18003C160020401600204816002050160020B0
:103C2800581600205C160020601600206816002038
:103C380070160020781600208016002088160020B4
:103C48009016002098160020A0160020A416002028
:103C5800AC160020B4160020C0160020C4160020A0
:103C6800CC160020D4160020DC160020E416002014
:103C7800EC160020F4160020FC1600200417002083
:103C88000C170020141700201C17002024170020F0
:103C98002C170020341700203C1700204417002060
:103CA8004C170020541700205C17002064170020D0
:103CB8006C17002000000000010000000300000055
:103CC8000200000000000000DB0F49BFE4CB1640F3
:103CD800E4CB16C000000080DB0F4940DB0F49C071
:103CE800252042617365626F74206C6F6720666F70
:103CF80072200000252053616D706C652074696D19
:103D0800652000002075732C204765617220000033
:103D18002C20576865656C7320000000206D2C20EE
:103D2800505052200000000025206D6178696D75A3
:103D38006D206C6F672073616D706C657320000077
:103D480020656163682073697A656420000000005B
:103D580020627974657300002520312074696D65CF
:103D6800202873656329000025203220737461744C
:103D780065000000252033202020446573697265A2
:103D8800642076616C7565002520342D35206D6FB3
:103D9800746F7220766F6C7461676520286C656635
:103DA800742C72696768742920285629000000005D
:103DB8002520362D3720456E636F64657220636F4A
:103DC800756E7420286C6566742C20726967687437
:103DD800290000002520382D39206D6F746F72205E
:103DE80076656C20286C6566742C20726967687427
:103DF8002920287261642F732900000025203130A2
:103E080020204261747465727920766F6C746167E2
:103E18006520285629000000252031312D31342015
:103E2800706F73652028782C792C74686574612C00
:103E380064697374412920286D2C6D2C7261642C7F
:103E48006D290000252073656E742000206C6F6753
:103E5800206C696E65730000232055446973706C8B
:103E680061793A3A20686974204D41580A00000087
:103E780025252055446973706C61793A3A736574E5
:103E880075703A205353443133303620616C6C6F6F
:103E9800636174696F6E206661696C65640A00000D
:103EA8002449643A2075646973706C61792E637073
:103EB8007020343720323032352D31302D323820D1
:103EC80031353A30353A30325A206A63616E2024EF
:103ED8000000000025352E31662025342E31665627
:103EE80020256325632563256320253264000000AF
:103EF8002449643A2075646973706C61792E68206E
:103F0800323820323032342D31312D3135203132B2
:103F18003A31383A30355A206A63616E20240000FD
:103F28002449643A20756565636F6E6669672E6813
:103F380020323820323032342D31312D3135203194
:103F4800323A31383A30355A206A63616E2024009B
:103F58002525206572726F723A20636F6E666967F5
:103F680075726174696F6E206E6F742067656E6517
:103F7800726174656420617320737472696E670A74
:103F880000000000236366672530326400000000EB
:103F98002025303278000000252520737472696E60
:103FA80067436F6E666967546F5553422065727236
:103FB8006F720A0025252045452028636F6E6669C3
:103FC8006775726174696F6E20666C617368292009
:103FD8002D2D2D2D2D2D2D2D0D0A00002525202DC3
:103FE8002D200965657720095361766520636F6E1A
:103FF80066696775726174696F6E20746F204545D4
:104008002D50726F6D2028666C617368290D0A0047
:104018002525202D2D2009656572200952656164CA
:1040280020636F6E66696775726174696F6E20666A
:10403800726F6D2045452D50726F6D0D0A0000009E
:1040480025252045452D70726F6D204420736574B9
:1040580020746F2064656661756C742076616C7578
:104068006573206174206E657874207265626F6F65
:10407800740D0A0025252053656E6420256C752073
:10408800636F6E66696720627974657320286F664E
:104098002025642920746F205553420D0A00000022
:1040A800252520536176656420256C752062797416
:1040B800657320286F662025642920746F20454584
:1040C8002D70726F6D20440D0A00000025252320F5
:1040D8004E6F206F72206F6C6420636F6E66696725
:1040E80075726174696F6E202D2073617665207713
:1040F800697468206565772028636F6E6669672034
:1041080073697A653D256C752C207265763D256C42
:1041180075290D0A0000000025252320636F6E66AF
:10412800696775726174696F6E2073697A65206852
:104138006173206368616E6765642120256C752052
:10414800213D202564207573656420627974657348
:104158000D0A0000252520736B6970706564206D59
:10416800616A6F722070617274206F662065652DB8
:104178006C6F61642C206173204944203D3D2030E0
:104188000A00000065657573620000002449643AFE
:104198002075656E636F6465722E637070203331AD
:1041A80020323032342D31312D32362032303A350A
:1041B800343A35305A206A63616E202400000000CA
:1041C800252520456E636F64657220736574746974
:1041D8006E6773202D2D2D2D2D2D2D0D0A0000001D
:1041E8002525202D2D2009636F6E6677207070724B
:1041F8000953657420636F6E6669677572617469C7
:104208006F6E20287070723A2070756C736520701C
:104218006572207265766F6C7574696F6E2C206993
:1042280073202564290D0A002525202D2D200965D8
:104238006E63662046204309557365206661737472
:1042480020657374696D6174652028463D3020646B
:10425800656C61792062757420636C65616E657246
:104268002C20463D31206661737465722C20697379
:104278002025643B20433D3020646F6E2774206303
:104288006F6D70656E736174652C20553D312063C8
:104298006F6D70656E736174652C2069733D25645C
:1042A800290D0A00636F6E6677200000656E6366ED
:1042B800200000002449643A2075656E636F6465C8
:1042C800722E6820333620323032352D30382D3278
:1042D800382031333A30363A30345A206A63616EC6
:1042E800202400002525204572726F7220696E69AE
:1042F8007469616C697A696E6720636F6D6D756E3C
:1043080069636174696F6E207769746820494D55D7
:104318000D0A00002449643A2075696D75322E63D0
:10432800707020333520323032352D30312D303118
:104338002030383A32343A33355A206A63616E2075
:10434800240000006779726F63000000252520496A
:104358004D55202D2D2D2D2D2D2D0D0A0000000041
:104368002525202D2D20096779726F632009537444
:10437800617274206779726F2063616C696272611F
:1043880074696F6E202866696E69736865643D2577
:1043980064290D0A0000000025252055496D753255
:1043A8003A3A6779726F6F6666736574206E3D2559
:1043B8006C752C2067783D25672073756D67783D8F
:1043C80025670D0A0000000025252055496D753226
:1043D8003A3A6779726F206F66667365743A20257A
:1043E800672025672025670D0A0000002525206D18
:1043F800657373616765206661696C656420746FB5
:1044080020726561642066726F6D204D5055393297
:1044180035302031302074696D657320696E2061F4
:1044280020726F772C2073746F70706564207472BB
:1044380079696E670D0A00002449643A2075696D30
:1044480075322E6820323820323032342D31312DF9
:1044580031352031323A31383A30355A206A636181
:104468006E202400252520554D6F746F723A3A6DE1
:104478006F746F72536574416E63686F72566F6CB8
:10448800746167653A206F7665726C6F61642C2081
:1044980064697361626C6564206D6F746F72730A0E
:1044A800000000002525204D6F746F72202D2D2DE2
:1044B8002D2D2D2D0D0A00002525202D2D20096DCF
:1044C8006F7476206D31206D322009536574206D2C
:1044D8006F746F7220766F6C74616765202D31324E
:1044E8002E302E2E31322E30202D20616E64206524
:1044F8006E61626C65206D6F746F72730D0A0000D7
:104508002525202D2D20096D6F74667271200953A1
:104518006574206D6F746F722050574D20667265F8
:104528007175656E6379205B3130302E2E313030F5
:104538003030305D2C2069732025640D0A0000009E
:104548002525202D2D200973746F70200943616C77
:104558006C73207468652066756E6374696F6E206D
:1045680073746F7028302E3032290D0A0000000055
:104578002449643A20756D6F746F722E63707020D1
:10458800333620323032352D30382D323820313321
:104598003A30363A30345A206A63616E202400007B
:1045A8006D6F7476000000002525205365747469CA
:1045B8006E67206D6F746F7220766F6C74616765BB
:1045C80020746F20252E32662C20252E32660A0094
:1045D8002525204D6F746F722050574D2069732028
:1045E80025642C20256420286F66202564290A006C
:1045F8006D6F74667271200073746F700000000034
:104608002449643A20756D6F746F722E68203336B2
:1046180020323032352D30382D32382031333A308F
:10462800363A30345A206A63616E20240000000054
:104638002449643A2075726F626F742E637070201B
:10464800333720323032352D30382D32382031385A
:104658003A35323A34375A206A63616E20240000B2
:10466800252520417661696C61626C6520636F6DF8
:104678006D616E64732066726F6D2025733A0D0A42
:1046880000000000252520526F626F742073657446
:1046980074696E6773202D2D2D2D2D2D2D0D0A007B
:1046A8002525202D2D2009736574696478204E20F6
:1046B8000953657420494420746F204E202873657F
:1046C800747320726F626F74206E616D6529202883
:1046D80069643D2564290D0A000000002525202D68
:1046E8002D2009736574687720502009536574205C
:1046F8005043422076657273696F6E20746F205044
:10470800202869733D25642920393D504342362EBF
:10471800330D0A002525202D2D200973746172742C
:1047280020095374617274202873616D6520617368
:1047380020737461727420627574746F6E290D0A27
:10474800000000002525202D2D200976657273694B
:104758006F6E20094765742076657273696F6E20E5
:10476800696E2053564E20286973202564290D0A46
:10477800000000002525202D2D2009706F77657217
:1047880020302F31200931325620706F7765722022
:10479800313D6F6E20286973202564290D0A0000B9
:1047A8002525202D2D20097265626F6F742009520E
:1047B80065626F6F74205465656E73790D0A000029
:1047C8002525202D2D20096C6F6720095072696EF0
:1047D80074206C6F670D0A002525202D2D2009688F
:1047E800656C70200953656E64206F6E2D6C696E60
:1047F800652068656C700D0A0000000073657469B7
:104808006478200073746172740000002525207399
:1048180074617274696E670D0A00000073657468CC
:10482800772000007265626F6F740000706F7765A3
:10483800720000002520706F776572206F6E0A097C
:1048480000000000506F776572206F6666000000F8
:104858002520706F776572206F66660A0900000070
:1048680068656C700000000076657273696F6E0091
:1048780076657273696F6E2025642025730A0000BF
:104888002525206E6F6F6E652075736564200000A6
:104898002520612056657273696F6E207374726982
:1048A8006E67206973206E6F7420706F70756C610D
:1048B8007465640A00000000252520526F626F7439
:1048C8002025642025732028504342207665727382
:1048D800696F6E2025732C2053564E2076657273AF
:1048E800696F6E2025642C2062617474657279206A
:1048F800252E31662056290D0A000000342E32007C
:10490800352E3100382E3500362E330053636F7242
:10491800706900002449643A2075726F626F742EC2
:104928006820333720323032352D30382D32382058
:1049380031383A35323A34375A206A63616E202466
:1049480000000000696E76616C696400456D6D61F8
:1049580000000000536F666961000000496461004F
:104968004672656A61000000436C61726100000074
:104978004C61757261000000416E6E6100000000BC
:10498800456C6C610000000049736162656C6C6184
:10499800000000004B61726C61000000416C6D61A9
:1049A800000000004A6F736566696E6500000000CC
:1049B8004F6C697669610000416C626572746500CC
:1049C8004D616A6100000000536F66696500000070
:1049D8004D617468696C64650000000041676E652C
:1049E800730000004C696C79000000004361726F2D
:1049F8006C696E65000000004C697661000000007B
:104A0800456D696C79000000536172610000000017
:104A1800566963746F72696100000000456D696CC6
:104A2800696500004D696C6C650000004672696438
:104A3800610000004D61726965000000456C6C659D
:104A48006E000000526F7361000000004C65610049
:104A58005369676E6500000046696C697070610093
:104A68004A756C69650000004E6F726100000000B5
:104A78004C69760056696767610000004E616E6E8A
:104A8800610000004E616A6100000000416C6261D3
:104A9800000000004173747269640000417961008C
:104AA80041737461000000004C756E6100000000E5
:104AB8004D616C6F75000000457374686572000085
:104AC80043656C696E6100004A6F68616E6E6500CF
:104AD800416E64726561000053696C6A650000008C
:104AE800546865610000000041647269616E61008C
:104AF800446963746500000053696C6B65000000CD
:104B0800457661004772790054616E696100000062
:104B1800537573616E6E65004175677573746100D6
:104B280042697274650000004461676D617200003B
:104B38004C656F6E6F7261004E6F76610000000009
:104B48004D6F6C6C79000000496E677269640000F3
:104B580053696772696400004E69636F6C696E65BA
:104B68000000000054696C6465000000526F6E6AB2
:104B780061000000536167610000000056696F6CB6
:104B880061000000456D696C6961000043656369F7
:104B98006C6965004B696D004D696500416C65780D
:104BA800000000004D656C696E610000416D616E2A
:104BB8006461000048616E6E616800004A61736D4F
:104BC800696E00004B6179610000000053616C6CF4
:104BD80079000000436C656F00000000536F6C762D
:104BE800656A00004E616469610000005665726183
:104BF800000000004D6172790000000048616E738A
:104C0800000000004A6F65005374756200000000E0
:104C180052756D6C6500000056696B696E6700001F
:104C28004164610046616C6B0000000041746C6176
:104C3800730000004375626100000000476961006D
:104C4800416C6672656400004F7363617200000016
:104C5800436F636F000000004A61636B000000004F
:104C680057696C6C69616D004F6C697665720000FC
:104C7800416B73656C0000004172746875720000C6
:104C88004B6169004A756E69706572004E6F61000C
:104C9800456D696C0000000041756775737400000C
:104CA8004A756E6500000000536B79004E61740010
:104CB800426972646965000047616E64616C6600F0
:104CC8004875676F000000004E6577746F6E0000CE
:104CD8005468656F000000004C69616D00000000B9
:104CE800426F646500000000566572646900000048
:104CF800446F74005468656F646F72004C61756727
:104D080065000000467265646572696B000000000A
:104D18004C697A00416E6B65720000004164616DF8
:104D2800000000004C6F75690000000053746F723A
:104D38006D0000004E617679000000004A6F6861DE
:104D48006E0000004B6F6E7261640000466C6F72FB
:104D5800610000004572696B00000000416C6265EB
:104D6800727400004D757270687900004D6172733D
:104D7800000000005572616E757300005361747510
:104D8800726E000056656E7573000000506C757485
:104D98006F0000004E657074756E6500546974612B
:104DA8006E0000004F72696F6E0000004D657263FF
:104DB8007572790050737963686500005469657489
:104DC80067656E002449643A20757573622E6370B6
:104DD8007020333320323032342D31322D323220AC
:104DE80031363A30383A31315A206A63616E2024BC
:104DF80000000000252520555342202D2D2D2D2D56
:104E08002D2D0D0A000000002525202D2D200965D7
:104E180063686F2041200953656E6420726563657D
:104E28006976656420636861726163746572732072
:104E38006261636B2061732072656365697665647E
:104E48002E20413D30206E6F742C20413D31207959
:104E58006573202869733D2564290D0A0000000048
:104E68006563686F00000000252000002525205597
:104E7800534220726563656976652062756666656A
:104E880072206F766572666C6F77202D2064697367
:104E980063617264656400002449643A207575731F
:104EA800622E6820333120323032342D31312D32A8
:104EB800362032303A35343A35305A206A63616EDA
:104EC800202400006E616E00696E66006F766600D1
:104ED8002E0000006E660000696E6974790000009B
:104EE800616E00004C435F434F4C4C4154450000F9
:104EF8004C435F4354595045000000004C435F4DFC
:104F08004F4E4554415259004C435F4E554D455202
:104F1800494300004C435F54494D45004C435F4DA5
:104F2800455353414745530042616C6C6F6320738E
:104F38007563636565646564000000002F566F6CD7
:104F4800756D65732F646174612F6A656E6B696E28
:104F5800732F776F726B73706163652F474E552D92
:104F6800746F6F6C636861696E2F61726D2D313576
:104F78002F7372632F6E65776C69622D637967771B
:104F8800696E2F6E65776C69622F6C6962632F7327
:104F980074646C69622F6764746F612D67657468E7
:104FA80065782E6300000000494E46004E414E00D1
:104FB8003031323334353637383961626364656687
:104FC8000000000030313233343536373839414249
:104FD8004344454600000000286E756C6C290000AB
:104FE800300000002F566F6C756D65732F64617407
:104FF800612F6A656E6B696E732F776F726B737052
:105008006163652F474E552D746F6F6C63686169D6
:105018006E2F61726D2D31352F7372632F6E657728
:105028006C69622D63796777696E2F6E65776C6935
:10503800622F6C6962632F7374646C69622F6D7080
:105048007265632E630000002C2066756E637469B8
:105058006F6E3A2000000000617373657274696FA7
:105068006E2022257322206661696C65643A206689
:10507800696C6520222573222C206C696E652025B9
:1050880064257325730A0000496E66696E69747930
:10509800000000004E614E002F566F6C756D6573F1
:1050A8002F646174612F6A656E6B696E732F776FF9
:1050B800726B73706163652F474E552D746F6F6CFB
:1050C800636861696E2F61726D2D31352F7372635C
:1050D8002F6E65776C69622D63796777696E2F6EBD
:1050E80065776C69622F6C6962632F7374646C698D
:1050F800622F64746F612E630000000000000000DE
:10510800003E5B4F5B3E3E6B4F6B3E1C3E7C3E1C45
:10511800183C7E3C181C577D571C1C5E7F5E1C008B
:10512800183C1800FFE7C3E7FF0018241800FFE742
:10513800DBE7FF30483A060E2629792926407F0505
:105148000507407F05253F5A3CE73C5A7F3E1C1C1B
:1051580008081C1C3E7F14227F22145F5F005F5FDB
:1051680006097F017F006689956A606060606094C7
:10517800A2FFA29408047E040810207E20100808CC
:105188002A1C08081C2A08081E101010100C1E0CD7
:105198001E0C30383E3830060E3E0E060000000069
:1051A8000000005F00000007000700147F147F1450
:1051B800242A7F2A12231308646236495620500095
:1051C80008070300001C2241000041221C002A1C81
:1051D8007F1C2A08083E080800807030000808086C
:1051E8000808000060600020100804023E5149458C
:1051F8003E00427F400072494949462141494D33AA
:105208001814127F1027454545393C4A4949314110
:10521800211109073649494936464949291E0000DE
:105228001400000040340000000814224114141433
:105238001414004122140802015909063E415D591F
:105248004E7C1211127C7F494949363E4141412228
:105258007F4141413E7F494949417F090909013E52
:10526800414151737F0808087F00417F4100204079
:10527800413F017F081422417F404040407F021C8B
:10528800027F7F0408107F3E4141413E7F090909A2
:10529800063E4151215E7F0919294626494949326E
:1052A80003017F01033F4040403F1F2040201F3F34
:1052B8004038403F631408146303047804036159B9
:1052C800494D43007F4141410204081020004141FB
:1052D800417F0402010204404040404000030708A7
:1052E8000020545478407F284444383844444428A3
:1052F800384444287F385454541800087E0902184A
:10530800A4A49C787F0804047800447D40002040D1
:10531800403D007F1028440000417F40007C047815
:1053280004787C080404783844444438FC1824245D
:105338001818242418FC7C080404084854545424DD
:1053480004043F44243C4040207C1C2040201C3C5A
:105358004030403C44281028444C9090907C446451
:10536800544C4400083641000000770000004136E4
:10537800080002010204023C2623263C1EA1A1616A
:10538800123A4040207A385454555921555579419C
:105398002254547842215554784020545579400C71
:1053A8001E52721239555555593954545459395554
:1053B8005454580000457C410002457D4200014597
:1053C8007C407D1211127DF0282528F07C5455452B
:1053D800002054547C547C0A097F49324949493297
:1053E8003A4444443A324A4848303A4141217A3AA8
:1053F80042402078009DA0A07D3D4242423D3D4074
:1054080040403D3C24FF2424487E4943662B2FFC22
:105418002F2BFF0929F620C0887E090320545479D0
:10542800410000447D413048484A32384040227AA1
:10543800007A0A0A727D0D19317D2629292F28261E
:105448002929292630484D40203808080808080826
:105458000808382F10C8ACBA2F102834FA00007B7F
:10546800000008142A142222142A14085500550092
:1054780055AA55AA55AAFF55FF55FF000000FF0081
:10548800101010FF00141414FF001010FF00FF107C
:1054980010F010F0141414FC001414F700FF0000AE
:1054A800FF00FF1414F404FC141417101F10101F2D
:1054B800101F1414141F00101010F0000000001F1B
:1054C800101010101F10101010F010000000FF1026
:1054D8001010101010101010FF10000000FF140022
:1054E80000FF00FF00001F10170000FC04F4141454
:1054F8001710171414F404F40000FF00F714141420
:1055080014141414F700F7141414171410101F109F
:105518001F141414F4141010F010F000001F101FC2
:105528000000001F14000000FC140000F010F01030
:1055380010FF10FF141414FF141010101F000000A7
:1055480000F010FFFFFFFFFFF0F0F0F0F0FFFFFFAB
:105558000000000000FFFF0F0F0F0F0F3844443802
:1055680044FC4A4A4A347E02020606027E027E0251
:1055780063554941633844443C04407E201E20065C
:10558800027E020299A5E7A5991C2A492A1C4C7299
:1055980001724C304A4D4D303048784830BC625A20
:1055A800463D3E494949007E0101017E2A2A2A2AB0
:1055B8002A44445F444440514A444040444A51408C
:1055C8000000FF0103E080FF000008086B6B08364D
:1055D80012362436060F090F0600001818000000BE
:1055E8001010003040FF0101001F01011E00191DAD
:1055F8001712003C3C3C3C00000000005D530000DA
:10560800615300006553000069530000000000006A
:10561800000000002D46000049560000490A00001D
:105628004D0A00007D6C0000093C00000D3C0000A4
:10563800C13E0000213C00003D3C0000BD3F000091
:10564800093C00005D3C0000593C0000953D00000D
:105658003D3D0000F13D0000853E0000853C000016
:10566800F13E000000000000000000002D46000090
:1056780049560000490A00004D0A0000510A00007E
:10568800093C00000D3C0000C13E0000213C000028
:105698003D3C0000BD3F0000093C00005D3C0000AF
:1056A800D9100000510F0000CD0E0000F13D0000A0
:1056B800853E0000853C0000F13E0000000000002F
:1056C80000000000CD5500006D76000069760000EE
:1056D80065760000617600005D760000597600006E
:1056E800557600000000000000000000A1470000FF
:1056F800D1470000490A00009D4700007947000093
:1057080029180000854700006101000065010000BC
:105718006D01000075010000D8399D270054EA2A60
:1057280000A4781F007B9A1700000000000000000A
:105738000000000000000000000000000000000061
:105748000000000000000000000000000000000051
:1057580000000000000000001011121314151617A5
:105768001819000000000000001A1B1C1D1E1F0055
:105778000000000000000000000000000000000021
:105788000000000000000000001A1B1C1D1E1F0066
:105798000000000000000000000000000000000001
:1057A80000000000000000000000000000000000F1
:1057B80000000000000000000000000000000000E1
:1057C80000000000000000000000000000000000D1
:1057D80000000000000000000000000000000000C1
:1057E80000000000000000000000000000000000B1
:1057F80000000000000000000000000000000000A1
:105808000000000000000000000000000000000090
:105818000000000000000000000000000000000080
:105828000000000000000000002020202020202090
:105838002020282828282820202020202020202038
:105848002020202020202020208810101010101048
:105858001010101010101010100404040404040494
:10586800040404101010101010104141414141412E
:105878000101010101010101010101010101010110
:105888000101010110101010101042424242424220
:1058980002020202020202020202020202020202E0
:1058A8000202020210101010200000000000000088
:1058B80000000000000000000000000000000000E0
:1058C80000000000000000000000000000000000D0
:1058D80000000000000000000000000000000000C0
:1058E80000000000000000000000000000000000B0
:1058F80000000000000000000000000000000000A0
:10590800000000000000000000000000000000008F
:10591800000000000000000000000000000000007F
:105928000000000000000000000000003863ED3EA9
:10593800DA0F493F5E987B3FDA0FC93F6937AC31D0
:1059480068212233B40F14336821A2332020202089
:10595800202020202020202020202020202020203F
:10596800202020202020202020202020000000426D
:10597800C8801F40B8821F40080000000000004295
:10598800C4801F40B4821F400400000000C00042D1
:1059980024801F4014821F401000000000C00042F5
:1059A80028801F4018821F402000000000C00042CD
:1059B8002C801F401C821F404000000000C0004295
:1059C80034801F4024821F40000100000040004234
:1059D80064811F4054831F400004000000400042BF
:1059E80080811F4070831F40000002000040004279
:1059F8007C811F406C831F40000001000040004272
:105A080068811F4058831F40000800000040004282
:105A18003C811F402C831F400100000000400042D1
:105A280044811F4034831F400400000000400042AE
:105A380040811F4030831F400200000000400042A8
:105A480048811F4038831F400800000000000042C2
:105A580004811F40F4821F4000000400000000423F
:105A680008811F40F8821F40000008000000004223
:105A780018811F4008831F4000008000000000427A
:105A880014811F4004831F400000400000000042B2
:105A980000811F40F0821F40000002000000004209
:105AA800FC801F40EC821F40000001000000004203
:105AB80024811F4014831F4000000004000000429E
:105AC80028811F4018831F40000000080000004282
:105AD8001C811F400C831F40000000010000004291
:105AE80020811F4010831F40000000020000004278
:105AF800EC801F40DC821F400010000000000042C4
:105B0800F0801F40E0821F4000200000000000429B
:105B180034811F4024831F400000004000000042E1
:105B280038811F4028831F40000000800080004209
:105B380094801F4084821F400000040000C000427F
:105B480090801F4080821F4000000080008000423B
:105B5800A8801F4098821F400000800000800042FB
:105B6800A4801F4094821F40000040000040004273
:105B78006C811F405C831F400010000000C0004281
:105B880030801F4020821F408000000000400042FB
:105B9800B0811F40A0831F40000000200040004249
:105BA800AC811F409C831F40000000100040004251
:105BB80084811F4074831F4000000400004000429D
:105BC80088811F4078831F400000080000000042C1
:105BD8002C811F401C831F40000000100000004261
:105BE80030811F4020831F40000000200000004239
:105BF8000C811F40FC821F40000010000000004282
:105C080010811F4000831F400000200000800042D8
:105C1800C8811F40B8831F400080000000800042F8
:105C2800C4811F40B4831F40004000000080004230
:105C3800C0811F40B0831F40002000000080004248
:105C4800BC811F40AC831F40001000000080004250
:105C5800D0811F40C0831F40000002000080004226
:105C6800CC811F40BC831F400000010000C00042DF
:105C780074801F4064821F400000000100C0004281
:105C880080801F4070821F400000000800C0004252
:105C980084801F4074821F400000001000C0004232
:105CA8006C801F405C821F400000400000C0004222
:105CB8007C801F406C821F400000000400C000422E
:105CC80078801F4068821F400000000200C0004228
:105CD80088801F4078821F400000002035000000A7
:105CE800CEFBFFFFCB030000010000000000000016
:105CF80034000000CEFBFFFFCB03000001000000D2
:105D08000000000005000000190000007D000000F0
:105D180007080C0B06050F000D0E01028384070807
:105D28000C0B06050F000D0E01028384FFFFFFFF19
:105D3800FFFFFFFFFFFF8182090A00000101000445
:105D480001000004013201010132020101100101C8
:105D580001110101011201020103020601030106FA
:105D68000112020202000001020200010201000108
:105D780002100001022200010223000100000000BD
:105D880000000000022100010220000100000000C4
:105D9800000000000130010101310101010200048D
:105DA80001030004000000000000000001210201BE
:105DB80001210101000000000000000000000000B7
:105DC800011002010000000000000000011301069C
:105DD800011302060000000000000000000000009F
:105DE800000000000101020101010101010002019E
:105DF800010001010102020101020101000000008D
:105E08000000000000000000012302010000000063
:105E1800000000000120010100010000CC34002036
:105E28001200000000060000402600600A00000082
:105E380000020000DC25006062000000000700008E
:105E48007825006062000000EE030000083700209B
:105E580012000000000004EEE036002028000000D8
:105E6800000300007425006000000000010309041D
:105E78005C2500600000000002030904442500605E
:105E8800000000000303090424370020000000007C
:105E9800000000000000000000000000303030303A
:105EA80030303030303030303030303030303030EA
:105EB800303030303030303030303030000000009A
:105EC800000000000000000070280020702800205A
:105ED80078280020782800208028002080280020AA
:105EE800882800208828002090280020902800205A
:105EF8009828002098280020A0280020A02800200A
:105F0800A8280020A8280020B0280020B0280020B9
:105F1800B8280020B8280020C0280020C028002069
:105F2800C8280020C8280020D0280020D028002019
:105F3800D8280020D8280020E0280020E0280020C9
:105F4800E8280020E8280020F0280020F028002079
:105F5800F8280020F8280020002900200029002027
:105F680008290020082900201029002010290020D5
:105F78001829002018290020202900202029002085
:105F88002829002028290020302900203029002035
:105F980038290020382900204029002040290020E5
:105FA8004829002048290020502900205029002095
:105FB8005829002058290020602900206029002045
:105FC80068290020682900207029002070290020F5
:105FD80078290020782900208029002080290020A5
:105FE8008829002088290020902900209029002055
:105FF8009829002098290020A0290020A029002005
:10600800A8290020A8290020B0290020B0290020B4
:10601800B8290020B8290020C0290020C029002064
:10602800C8290020C8290020D0290020D029002014
:10603800D8290020D8290020E0290020E0290020C4
:10604800E8290020E8290020F0290020F029002074
:10605800F8290020F8290020002A0020002A002022
:10606800082A0020082A0020102A0020102A0020D0
:10607800182A0020182A0020202A0020202A002080
:10608800282A0020282A0020302A0020302A002030
:10609800382A0020382A0020402A0020402A0020E0
:1060A800482A0020482A0020502A0020502A002090
:1060B800582A0020582A0020602A0020602A002040
:1060C800682A0020682A0020702A0020702A0020F0
:1060D800782A0020782A0020802A0020802A0020A0
:1060E800882A0020882A0020902A0020902A002050
:1060F800982A0020982A0020A02A0020A02A002000
:10610800A82A0020A82A0020B02A0020B02A0020AF
:10611800B82A0020B82A0020C02A0020C02A00205F
:10612800C82A0020C82A0020D02A0020D02A00200F
:10613800D82A0020D82A0020E02A0020E02A0020BF
:10614800E82A0020E82A0020F02A0020F02A00206F
:10615800F82A0020F82A0020002B0020002B00201D
:10616800082B0020082B0020102B0020102B0020CB
:10617800182B0020182B0020202B0020202B00207B
:10618800282B0020282B0020302B0020302B00202B
:10619800382B0020382B0020402B0020402B0020DB
:1061A800482B0020482B0020502B0020502B00208B
:1061B800582B0020582B0020602B0020602B00203B
:1061C800682B0020682B0020702B0020702B0020EB
:1061D800782B0020782B0020802B0020802B00209B
:1061E800882B0020882B0020902B0020902B00204B
:1061F800982B0020982B0020A02B0020A02B0020FB
:10620800A82B0020A82B0020B02B0020B02B0020AA
:10621800B82B0020B82B0020C02B0020C02B00205A
:10622800C82B0020C82B0020D02B0020D02B00200A
:10623800D82B0020D82B0020E02B0020E02B0020BA
:10624800E82B0020E82B0020F02B0020F02B00206A
:10625800F82B0020F82B0020002C0020002C002018
:10626800082C0020082C0020102C0020102C0020C6
:10627800182C0020182C0020202C0020202C002076
:10628800282C0020282C0020302C0020302C002026
:10629800382C0020382C0020402C0020402C0020D6
:1062A800482C0020482C0020502C0020502C002086
:1062B800582C0020582C0020602C0020602C002036
:1062C800682C0020682C00200000000024430020D7
:1062D8008C430020F4430020000000000000000070
:1062E80000000000000000000000000000000000A6
:1062F8000000000000000000000000000000000096
:106308000000000000000000000000000000000085
:106318000000000000000000000000000000000075
:106328000000000000000000000000000000000065
:106338000000000000000000000000000000000055
:106348000000000000000000000000000000000045
:106358000000000000000000000000000000000035
:1063680001000000000000000E33CDAB34126DE6D2
:10637800ECDE05000B00000000000000000000003B
:106388000000000000000000000000000000000005
:1063980000000000000000000000000000000000F5
:1063A80000000000000000000000000000000000E5
:1063B80000000000000000000000000000000000D5
:1063C80000000000000000000000000000000000C5
:1063D80000000000000000000000000000000000B5
:1063E80000000000000000000000000000000000A5
:1063F8000000000000000000000000000000000095
:106408000000000000000000000000000000000084
:106418000000000000000000000000000000000074
:106428000000000000000000000000000000000064
:106438000000000000000000000000000000000054
:106448000000000000000000000000000000000044
:106458000000000000000000000000000000000034
:106468000000000000000000000000000000000024
:106478000000000000000000000000000000000014
:106488000000000000000000000000000000000004
:1064980000000000000000000000000000000000F4
:1064A80000000000000000000000000000000000E4
:1064B80000000000000000000000000000000000D4
:1064C80000000000000000000029DE07007B9A178A
:1064D8007420002000000000E80300000000000015
:1064E8009C20002000000000E803000000000000DD
:1064F80000003F40F424006000000000000000009D
:106508000000000000000000000000000000000083
:106518000000000000000000000000000000000073
:106528000000000000000000000000000000000063
:106538000000000000000000000000000000000053
:106548000000000000000000000000000000000043
:106558000000000000000000000000000000000033
:106568000000000000000000000000000000000023
:106578000000000000000000000000000000000013
:106588000000000000000000000000000000000003
:1065980000000000000000000000000000000000F3
:1065A80000000000000000000000000000000000E3
:1065B80000000000000000000000000000000000D3
:1065C80000000000000000000000000000000000C3
:1065D80000000000000000000000000000000000B3
:1065E80000000000000000000000000000000000A3
:1065F8000000000000000000000000000000000093
:106608000000000000000000000000000000000082
:106618000000000000000000000000000000000072
:106628009C20002000000000E8030000000000009B
:1066380000803F40A424006000000000000000002B
:106648000000000000000000000000000000000042
:106658000000000000000000000000000000000032
:106668000000000000000000000000000000000022
:106678000000000000000000000000000000000012
:106688000000000000000000000000000000000002
:1066980000000000000000000000000000000000F2
:1066A80000000000000000000000000000000000E2
:1066B80000000000000000000000000000000000D2
:1066C80000000000000000000000000000000000C2
:1066D80000000000000000000000000000000000B2
:1066E80000000000000000000000000000000000A2
:1066F8000000000000000000000000000000000092
:106708000000000000000000000000000000000081
:106718000000000000000000000000000000000071
:106728000000000000000000000000000000000061
:106738000000000000000000000000000000000051
:106748000000000000000000000000000000000041
:106758000000000000000000000000000000000031
:106768009C20002000000000E8030000000000005A
:1067780000C03F40542400600000000000000000FA
:106788000000000000000000000000000000000001
:1067980000000000000000000000000000000000F1
:1067A80000000000000000000000000000000000E1
:1067B80000000000000000000000000000000000D1
:1067C80000000000000000000000000000000000C1
:1067D80000000000000000000000000000000000B1
:1067E80000000000000000000000000000000000A1
:1067F8000000000000000000000000000000000091
:106808000000000000000000000000000000000080
:106818000000000000000000000000000000000070
:106828000000000000000000000000000000000060
:106838000000000000000000000000000000000050
:106848000000000000000000000000000000000040
:106858000000000000000000000000000000000030
:106868000000000000000000000000000000000020
:106878000000000000000000000000000000000010
:106888000000000000000000000000000000000000
:1068980000000000000000000000000000000000F0
:1068A800FFFFFFFFE44200208030202000000000AE
:1068B800430000000000000000000000000000008D
:1068C80000000000000000000000000000000000C0
:1068D800430000000000000000000000000000006D
:1068E80000000000000000000000000000000000A0
:1068F800430000000000000000000000000000004D
:10690800000000000000000000000000000000007F
:10691800430000000000000000000000000000002C
:10692800000000000000000000000000000000005F
:10693800430000000000000000000000000000000C
:10694800000000000000000000000000000000003F
:1069580043000000000000000000000000000000EC
:10696800000000000000000000000000000000001F
:1069780043000000000000000000000000000000CC
:1069880000000000000000000000000000000000FF
:1069980043000000000000000000000000000000AC
:1069A80000000000000000000000000000000000DF
:1069B80000000000000000000000000000000000CF
:1069C80000000000000000000000000000000000BF
:1069D80000000000000000000000000000000000AF
:1069E800000000000000000000000000000000009F
:1069F800000000000000000000000000000000008F
:106A0800000000000000000000000000000000007E
:106A1800000000000000000000000000000000006E
:106A2800000000000000000000000000000000005E
:106A3800000000000000000000000000000000004E
:106A4800000000000000000000000000000000003E
:106A5800000000000000000000000000000000002E
:106A6800000000000000000000000000000000001E
:106A78000000000000000000C5E0000005B50000AF
:106A880000000000D821002080180020F01100200C
:106A9800F0110020F0110020F0110020F01100206A
:106AA800F0110020F0110020F0110020F01100205A
:106AB800FFFFFFFFFFFFFFFFFFFFFFFFFFFF0000DC
:106AC8000100415343494900000000000000000054
:106AD80000000000000000000000000000000000AE
:106AE8000000415343494900000000000000000035
:106AF800000000000000000000000000000000008E
:106B080000000000FFFFFFFF00000200000000007F
:106B18000300000024430020782C0020120100020A
:106B2800EF020140C0168304800201020301000045
:106B3800156300001563000015630000156300006D
:106B4800156300001563000015630000156300005D
:106B5800156300001563000015630000156300004D
:106B6800156300001563000015630000156300003D
:106B7800156300001563000015630000156300002D
:106B8800156300001563000015630000156300001D
:106B9800156300001563000015630000156300000D
:106BA80015630000156300001563000015630000FD
:106BB80015630000156300001563000015630000ED
:106BC80015630000156300001563000015630000DD
:106BD80015630000156300001563000015630000CD
:106BE80015630000156300001563000015630000BD
:106BF80015630000156300001563000015630000AD
:106C0800156300001563000015630000156300009C
:106C1800156300001563000015630000156300008C
:106C2800156300001563000015630000156300007C
:106C3800156300001563000015630000156300006C
:106C4800156300001563000015630000156300005C
:106C5800156300001563000015630000156300004C
:106C6800156300001563000015630000156300003C
:106C7800156300001563000015630000156300002C
:106C8800156300001563000015630000156300001C
:106C9800156300001563000015630000156300000C
:106CA80015630000156300001563000015630000FC
:106CB80015630000156300001563000015630000EC
:106CC80015630000156300001563000015630000DC
:106CD80015630000156300001563000015630000CC
:106CE80015630000156300001563000015630000BC
:106CF80015630000156300001563000015630000AC
:106D0800156300001563000015630000156300009B
:106D1800156300001563000015630000156300008B
:106D2800156300001563000015630000156300007B
:106D3800280000000001040001000000000000001D
:106D4800020157494E555342000000000000000060
:106D5800000000000000000012034D005300460030
:106D68005400310030003000F8000000000000003E
:106D7800800000000C03000000000000000000007C
:106D880000000000000000000000080000000000F3
:106D980000000000000000000000000000000000EB
:106DA80000000000000000000000000000000000DB
:106DB80000000000000000000000000000000000CB
:106DC80000000000000000000000000000000000BB
:106DD80000000000000000000000000000000000AB
:106DE800000000000000000000000000000000009B
:106DF800000000000000000000000000000000008B
:106E0800000000000000000000000000000000007A
:106E1800000000000000000000000000000000006A
:106E2800000000000000000000000000000000005A
:106E3800000000000000000000000000000000004A
:106E4800000000000000000000000000000000003A
:106E5800000000000000000000000000000000002A
:106E6800000000000000000000000000000000001A
:106E7800000000000000000000000000000000000A
:106E880000000000000000000000000000000000FA
:106E980000000000000000000000000000000000EA
:106EA80000000000000000000000000000000000DA
:106EB80000000000000000000000000000000000CA
:106EC80000000000000000000000000000000000BA
:106ED80000000000000000000000000000000000AA
:106EE800000000000000000000000000000000009A
:106EF800000000000000000000000000000000008A
:106F08000000000000000000000000000000000079
:106F18000000000000000000000000000000000069
:106F28000000000000000000000000000000000059
:106F38000000000000000000000000000000000049
:106F48000000000000000000000000000000000039
:106F58000000000000000000000000000000000029
:106F68000000000000000000000000000000000019
:106F78000000000000000000000000000000000009
:106F880000000000000000000000000000000000F9
:106F980000000000000000000000000000000000E9
:106FA80000000000000000000000000000000000D9
:106FB80000000000000000000000000000000000C9
:106FC80000000000000000000000000000000000B9
:106FD80000000000000000000000000000000000A9
:106FE8000000000000000000000000000000000099
:106FF8000000000000000000000000000000000089
:107008000000000000000000000000000000000078
:107018000000000000000000000000000000000068
:107028000000000000000000000000000000000058
:107038000000000000000000000000000000000048
:107048000000000000000000000000000000000038
:107058000000000000000000000000000000000028
:107068000000000000000000000000000000000018
:107078000000000000000000000000000000000008
:1070880000000000000000000000000000000000F8
:1070980000000000000000000000000000000000E8
:1070A80000000000000000000000000000000000D8
:1070B80000000000000000000000000000000000C8
:1070C80000000000000000000000000000000000B8
:1070D80000000000000000000000000000000000A8
:1070E8000000000000000000000000000000000098
:1070F8000000000000000000000000000000000088
:107108000000000000000000000000000000000077
:10711800FFFFFFFFFFFFFFFFFFFFFFFFFFFFFFFF77
:10712800FFFFFFFFFFFFFFFFFFFFFFFFFFFFFFFF67
:10713800FFFFFFFFFFFFFFFFFFFFFFFFFFFFFFFF57
:10714800FFFFFFFFFFFFFFFFFFFFFFFFFFFFFFFF47
:10715800FFFFFFFFFFFFFFFFFFFFFFFFFFFFFFFF37
:10716800FFFFFFFFFFFFFFFFFFFFFFFFFFFFFFFF27
:10717800FFFFFFFFFFFFFFFFFFFFFFFFFFFFFFFF17
:10718800FFFFFFFFFFFFFFFFFFFFFFFFFFFFFFFF07
:10719800FFFFFFFFFFFFFFFFFFFFFFFFFFFFFFFFF7
:1071A800FFFFFFFFFFFFFFFFFFFFFFFFFFFFFFFFE7
:1071B800FFFFFFFFFFFFFFFFFFFFFFFFFFFFFFFFD7
:1071C800FFFFFFFFFFFFFFFFFFFFFFFFFFFFFFFFC7
:1071D800FFFFFFFFFFFFFFFFFFFFFFFFFFFFFFFFB7
:1071E800FFFFFFFFFFFFFFFFFFFFFFFFFFFFFFFFA7
:1071F800FFFFFFFFFFFFFFFFFFFFFFFFFFFFFFFF97
:10720800FFFFFFFFFFFFFFFFFFFFFFFFFFFFFFFF86
:10721800FFFFFFFFFFFFFFFFFFFFFFFFFFFFFFFF76
:10722800FFFFFFFFFFFFFFFFFFFFFFFFFFFFFFFF66
:10723800FFFFFFFFFFFFFFFFFFFFFFFFFFFFFFFF56
:10724800FFFFFFFFFFFFFFFFFFFFFFFFFFFFFFFF46
:10725800FFFFFFFFFFFFFFFFFFFFFFFFFFFFFFFF36
:10726800FFFFFFFFFFFFFFFFFFFFFFFFFFFFFFFF26
:10727800FFFFFFFFFFFFFFFFFFFFFFFFFFFFFFFF16
:10728800FFFFFFFFFFFFFFFFFFFFFFFFFFFFFFFF06
:10729800FFFFFFFFFFFFFFFFFFFFFFFFFFFFFFFFF6
:1072A800FFFFFFFFFFFFFFFFFFFFFFFFFFFFFFFFE6
:1072B800FFFFFFFFFFFFFFFFFFFFFFFFFFFFFFFFD6
:1072C800FFFFFFFFFFFFFFFFFFFFFFFFFFFFFFFFC6
:1072D800FFFFFFFFFFFFFFFFFFFFFFFFFFFFFFFFB6
:1072E800FFFFFFFFFFFFFFFFFFFFFFFFFFFFFFFFA6
:1072F800FFFFFFFFFFFFFFFFFFFFFFFFFFFFFFFF96
:10730800FFFFFFFFFFFFFFFFFFFFFFFFFFFFFFFF85
:10731800FFFFFFFFFFFFFFFFFFFFFFFFFFFFFFFF75
:10732800FFFFFFFFFFFFFFFFFFFFFFFFFFFFFFFF65
:10733800FFFFFFFFFFFFFFFFFFFFFFFFFFFFFFFF55
:10734800FFFFFFFFFFFFFFFFFFFFFFFFFFFFFFFF45
:10735800FFFFFFFFFFFFFFFFFFFFFFFFFFFFFFFF35
:10736800FFFFFFFFFFFFFFFFFFFFFFFFFFFFFFFF25
:10737800FFFFFFFFFFFFFFFFFFFFFFFFFFFFFFFF15
:10738800FFFFFFFFFFFFFFFFFFFFFFFFFFFFFFFF05
:10739800FFFFFFFFFFFFFFFFFFFFFFFFFFFFFFFFF5
:1073A800FFFFFFFFFFFFFFFFFFFFFFFFFFFFFFFFE5
:1073B800FFFFFFFFFFFFFFFFFFFFFFFFFFFFFFFFD5
:1073C800FFFFFFFFFFFFFFFFFFFFFFFFFFFFFFFFC5
:1073D800FFFFFFFFFFFFFFFFFFFFFFFFFFFFFFFFB5
:1073E800FFFFFFFFFFFFFFFFFFFFFFFFFFFFFFFFA5
:1073F800FFFFFFFFFFFFFFFF00000000000000008D
:107408000000000000000000000000000000000074
:107418000000000000000000000000000000000064
:107428000000000000000000000000000000000054
:107438000000000000000000000000000000000044
:107448000000000000000000000000000000000034
:107458000000000000000000000000000000000024
:107468000000000000000000000000000000000014
:107478000000000000000000000000000000000004
:1074880000000000000000000000000000000000F4
:1074980000000000000000000000000000000000E4
:1074A80000000000000000000000000000000000D4
:1074B80000000000000000000000000000000000C4
:1074C80000000000000000000000000000000000B4
:1074D80000000000000000000000000000000000A4
:1074E8000000000000000000000000000000000094
:1074F8000000000000000000000000000000000084
:107508000000000000000000000000000000000073
:107518000000000000000000000000000000000063
:107528000000000000000000000000000000000053
:107538000000000000000000000000000000000043
:107548000000000000000000000000000000000033
:107558000000000000000000000000000000000023
:107568000000000000000000000000000000000013
:107578000000000000000000000000000000000003
:1075880000000000000000000000000000000000F3
:1075980000000000000000000000000000000000E3
:1075A80000000000000000000000000000000000D3
:1075B80000000000000000000000000000000000C3
:1075C80000000000000000000000000000000000B3
:1075D80000000000000000000000000000000000A3
:1075E8000000000000000000000000000000000093
:1075F8000000000000000000000000000000000083
:107608000000000000000000000000000000000072
:107618000000000000000000000000000000000062
:107628000000000000000000000000000000000052
:107638000000000000000000000000000000000042
:107648000000000000000000000000000000000032
:107658000000000000000000000000000000000022
:107668000000000000000000000000000000000012
:107678000000000000000000000000000000000002
:1076880000000000000000000000000000000000F2
:1076980000000000000000000000000000000000E2
:1076A80000000000000000000000000000000000D2
:1076B80000000000000000000000000000000000C2
:1076C80000000000000000000000000000000000B2
:1076D80000000000000000000000000000000000A2
:1076E8000000000000000000000000000000000092
:1076F8000000000000000000000000000000000082
:107708000000000000000000000000000000000071
:107718000000000000000000000000000000000061
:107728000000000000000000000000000000000051
:107738000000000000000000000000000000000041
:107748000000000000000000000000000000000031
:107758000000000000000000000000000000000021
:107768000000000000000000000000000000000011
:107778000000000000000000000000000000000001
:1077880000000000000000000000000000000000F1
:1077980000000000000000000000000000000000E1
:1077A80000000000000000000000000000000000D1
:1077B80000000000000000000000000000000000C1
:1077C80000000000000000000000000000000000B1
:1077D80000000000000000000000000000000000A1
:1077E8000000000000000000000000000000000091
:1077F8000000000000000000000000000000000081
:107808000000000000000000000000000000000070
:107818000000000000000000000000000000000060
:107828000000000000000000000000000000000050
:107838000000000000000000000000000000000040
:107848000000000000000000000000000000000030
:107858000000000000000000000000000000000020
:107868000000000000000000000000000000000010
:107878000000000000000000000000000000000000
:1078880000000000000000000000000000000000F0
:1078980000000000000000000000000000000000E0
:1078A80000000000000000000000000000000000D0
:1078B80000000000000000000000000000000000C0
:1078C80000000000000000000000000000000000B0
:1078D80000000000000000000000000000000000A0
:1078E8000000000000000000000000000000000090
:1078F8000000000000000000000000000000000080
:10790800000000000000000000000000000000006F
:10791800000000000000000000000000000000005F
:10792800000000000000000000000000000000004F
:10793800000000000000000000000000000000003F
:10794800000000000000000000000000000000002F
:10795800000000000000000000000000000000001F
:10796800000000000000000000000000000000000F
:1079780000000000000000000000000000000000FF
:1079880000000000000000000000000000000000EF
:1079980000000000000000000000000000000000DF
:1079A80000000000000000000000000000000000CF
:1079B80000000000000000000000000000000000BF
:1079C80000000000000000000000000000000000AF
:1079D800000000000000000000000000000000009F
:1079E800000000000000000000000000000000008F
:1079F800000000000000000000000000000000007F
:107A0800000000000000000000000000000000006E
:107A1800000000000000000000000000000000005E
:107A2800000000000000000000000000000000004E
:107A3800000000000000000000000000000000003E
:107A4800000000000000000000000000000000002E
:107A5800000000000000000000000000000000001E
:107A6800000000000000000000000000000000000E
:107A780000000000000000000000000000000000FE
:107A880000000000000000000000000000000000EE
:107A980000000000000000000000000000000000DE
:107AA80000000000000000000000000000000000CE
:107AB80000000000000000000000000000000000BE
:107AC80000000000000000000000000000000000AE
:107AD800000000000000000000000000000000009E
:107AE800000000000000000000000000000000008E
:107AF800000000000000000000000000000000007E
:107B0800000000000000000000000000000000006D
:107B1800000000000000000000000000000000005D
:107B2800000000000000000000000000000000004D
:107B3800000000000000000000000000000000003D
:107B4800000000000000000000000000000000002D
:107B5800000000000000000000000000000000001D
:107B6800000000000000000000000000000000000D
:107B780000000000000000000000000000000000FD
:107B880000000000000000000000000000000000ED
:107B980000000000000000000000000000000000DD
:107BA80000000000000000000000000000000000CD
:107BB80000000000000000000000000000000000BD
:107BC80000000000000000000000000000000000AD
:107BD800000000000000000000000000000000009D
:107BE800000000000000000000000000000000008D
:107BF800000000000000000000000000000000007D
:107C0800000000000000000000000000000000006C
:107C1800000000000000000000000000000000005C
:107C2800000000000000000000000000000000004C
:107C3800000000000000000000000000000000003C
:107C4800000000000000000000000000000000002C
:107C5800000000000000000000000000000000001C
:107C6800000000000000000000000000000000000C
:107C780000000000000000000000000000000000FC
:107C880000000000000000000000000000000000EC
:107C980000000000000000000000000000000000DC
:107CA80000000000000000000000000000000000CC
:107CB80000000000000000000000000000000000BC
:107CC80000000000000000000000000000000000AC
:107CD800000000000000000000000000000000009C
:107CE800000000000000000000000000000000008C
:107CF800000000000000000000000000000000007C
:107D0800000000000000000000000000000000006B
:107D1800000000000000000000000000000000005B
:107D2800000000000000000000000000000000004B
:107D3800000000000000000000000000000000003B
:107D4800000000000000000000000000000000002B
:107D5800000000000000000000000000000000001B
:107D6800000000000000000000000000000000000B
:107D780000000000000000000000000000000000FB
:107D880000000000000000000000000000000000EB
:107D980000000000000000000000000000000000DB
:107DA80000000000000000000000000000000000CB
:107DB80000000000000000000000000000000000BB
:107DC80000000000000000000000000000000000AB
:107DD800000000000000000000000000000000009B
:107DE800000000000000000000000000000000008B
:107DF800000000000000000000000000000000007B
:107E0800000000000000000000000000000000006A
:107E1800000000000000000000000000000000005A
:107E2800000000000000000000000000000000004A
:107E3800000000000000000000000000000000003A
:107E4800000000000000000000000000000000002A
:107E5800000000000000000000000000000000001A
:107E6800000000000000000000000000000000000A
:107E780000000000000000000000000000000000FA
:107E880000000000000000000000000000000000EA
:107E980000000000000000000000000000000000DA
:107EA80000000000000000000000000000000000CA
:107EB80000000000000000000000000000000000BA
:107EC80000000000000000000000000000000000AA
:107ED800000000000000000000000000000000009A
:107EE800000000000000000000000000000000008A
:107EF800000000000000000000000000000000007A
:107F08000000000000000000000000000000000069
:107F18000000000000000000000000000000000059
:107F28000000000000000000000000000000000049
:107F38000000000000000000000000000000000039
:107F48000000000000000000000000000000000029
:107F58000000000000000000000000000000000019
:107F68000000000000000000000000000000000009
:107F780000000000000000000000000000000000F9
:107F880000000000000000000000000000000000E9
:107F980000000000000000000000000000000000D9
:107FA80000000000000000000000000000000000C9
:107FB80000000000000000000000000000000000B9
:107FC80000000000000000000000000000000000A9
:107FD8000000000000000000000000000000000099
:107FE8000000000000000000000000000000000089
:087FF800000000000000000081
:040000056000100087
:00000001FF
